fips,ruc93,ruc03,ruc13,metro93,metro03,metro13,year,fmr,tot_pop,black_pct,female_pct,county,stname,pay,employment,establishments,emp,unemp,long,lat,long_d,lat_d,return_katrina,exmpt_katrina,agi_katrina,return_katrina_eyer,exmpt_katrina_eyer,agi_katrina_eyer,return_katrina_eyer_noho,exmpt_katrina_eyer_noho,agi_katrina_eyer_noho,return_own,exmpt_own,agi_own,totalValidRegistrations,validCallCenterRegistrations,validWebRegistrations,validMobileRegistrations,ihpReferrals,ihpEligible,ihpAmount,haReferrals,haEligible,haAmount,onaReferrals,onaEligible,onaAmount,st_fips,st_abrv,st_name,cty_fips,cty_name,disasters,ihp,iap,pap,hmp,area_sqm
22051,0,1,1,metro,metro,metro,1992,528,NA,NA,NA,NA,NA,21775,180439,11462,212874,19665,-90.14520392992787,29.871744022448087,-90.14520392992787,29.871744022448087,3271,6193,86635,0.32907444668008046,0.3232592128614678,0.31440754853928504,0.32907444668008046,0.3232592128614678,0.31440754853928504,159650,361383,5140503,NA,NA,NA,NA,NA,NA,NA,NA,NA,NA,NA,NA,NA,22,LA,Louisiana,051,Jefferson Parish,10,0,10,7,1,497.225
22057,3,3,3,metro,metro,metro,1992,434,NA,NA,NA,NA,NA,20212,22221,1637,34113,2297,-90.43786512111947,29.57240907169766,-90.43786512111947,29.57240907169766,229,552,4954,0.023038229376257546,0.028813028499843407,0.017978588277989475,0.023038229376257546,0.028813028499843407,0.017978588277989475,25916,65585,748543,NA,NA,NA,NA,NA,NA,NA,NA,NA,NA,NA,NA,NA,22,LA,Louisiana,057,Lafourche Parish,11,0,10,9,1,1204.53
22071,0,1,1,metro,metro,metro,1992,528,NA,NA,NA,NA,NA,25186,266098,12993,184792,20190,-89.92944735360277,30.069110849409217,-89.92944735360277,30.069110849409217,4395,7556,109254,0.44215291750503016,0.3944044263493058,0.3964942841589548,0.44215291750503016,0.3944044263493058,0.3964942841589548,157198,344201,4383369,NA,NA,NA,NA,NA,NA,NA,NA,NA,NA,NA,NA,NA,22,LA,Louisiana,071,Orleans Parish,1,0,1,1,0,349.978
22075,1,1,1,metro,metro,metro,1992,487,NA,NA,NA,NA,NA,28398,16102,809,9364,1151,-89.61071603949237,29.4372379556305,-89.61071603949237,29.4372379556305,26,55,436,0.0026156941649899397,0.0028708633469046872,0.0015822899655234984,0.0026156941649899397,0.0028708633469046872,0.0015822899655234984,7938,20365,229146,NA,NA,NA,NA,NA,NA,NA,NA,NA,NA,NA,NA,NA,22,LA,Louisiana,075,Plaquemines Parish,7,0,7,6,0,1172.743
22087,0,1,1,metro,metro,metro,1992,528,NA,NA,NA,NA,NA,20590,13549,1029,28078,3260,-89.66554926474849,29.869183774780762,-89.66554926474849,29.869183774780762,32,68,694,0.0032193158953722333,0.003549431047082159,0.002518599165305752,0.0032193158953722333,0.003549431047082159,0.002518599165305752,22673,53132,622020,NA,NA,NA,NA,NA,NA,NA,NA,NA,NA,NA,NA,NA,22,LA,Louisiana,087,St. Bernard Parish,10,0,10,8,0,531.22
22089,0,1,1,metro,metro,metro,1992,528,NA,NA,NA,NA,NA,30788,19496,727,18653,2157,-90.35757335431146,29.91314982814965,-90.35757335431146,29.91314982814965,87,222,2810,0.00875251509054326,0.011587848418415283,0.010197786245690437,0.00875251509054326,0.011587848418415283,0.010197786245690437,14378,37067,502238,NA,NA,NA,NA,NA,NA,NA,NA,NA,NA,NA,NA,NA,22,LA,Louisiana,089,St. Charles Parish,10,0,9,8,0,409.689
22095,1,1,1,metro,metro,metro,1992,528,NA,NA,NA,NA,NA,24567,10389,572,16508,2117,-90.50792113802291,30.112644133854058,-90.50792113802291,30.112644133854058,169,438,4047,0.017002012072434607,0.022862511744440966,0.014686989657049537,0.017002012072434607,0.022862511744440966,0.014686989657049537,13062,35045,398067,NA,NA,NA,NA,NA,NA,NA,NA,NA,NA,NA,NA,NA,22,LA,Louisiana,095,St. John the Baptist Parish,9,0,8,7,0,349.357
22103,0,1,1,metro,metro,metro,1992,528,NA,NA,NA,NA,NA,18209,37719,3115,66949,6338,-89.96507421897307,30.40707395540083,-89.96507421897307,30.40707395540083,1459,3476,60017,0.14678068410462777,0.18143856352437623,0.21780802032299038,0.14678068410462777,0.18143856352437623,0.21780802032299038,48764,123353,1858158,NA,NA,NA,NA,NA,NA,NA,NA,NA,NA,NA,NA,NA,22,LA,Louisiana,103,St. Tammany Parish,13,0,12,9,0,1112.279
22109,3,3,3,metro,metro,metro,1992,434,NA,NA,NA,NA,NA,22584,34562,2269,38217,3467,-90.83826892736919,29.44769871397419,-90.83826892736919,29.44769871397419,272,598,6703,0.027364185110663984,0.031214114208163692,0.024325893667211034,0.027364185110663984,0.031214114208163692,0.024325893667211034,31193,80801,886859,NA,NA,NA,NA,NA,NA,NA,NA,NA,NA,NA,NA,NA,22,LA,Louisiana,109,Terrebonne Parish,11,0,10,8,1,1425.964
22051,0,1,1,metro,metro,metro,1993,451,NA,NA,NA,NA,NA,22163,183858,11590,212178,18895,-90.14520392992787,29.871744022448087,-90.14520392992787,29.871744022448087,3153,5923,84112,0.3344293593551124,0.3294399021080149,0.31951377018043686,0.3344293593551124,0.3294399021080149,0.31951377018043686,158572,357399,5154311,NA,NA,NA,NA,NA,NA,NA,NA,NA,NA,NA,NA,NA,22,LA,Louisiana,051,Jefferson Parish,10,0,10,7,1,497.225
22057,3,3,3,metro,metro,metro,1993,447,NA,NA,NA,NA,NA,19985,22917,1670,34093,2190,-90.43786512111947,29.57240907169766,-90.43786512111947,29.57240907169766,244,515,4793,0.02588035638523547,0.028644529729128426,0.018207027540360875,0.02588035638523547,0.028644529729128426,0.018207027540360875,25877,65553,742897,NA,NA,NA,NA,NA,NA,NA,NA,NA,NA,NA,NA,NA,22,LA,Louisiana,057,Lafourche Parish,11,0,10,9,1,1204.53
22071,0,1,1,metro,metro,metro,1993,451,NA,NA,NA,NA,NA,25903,264212,12810,183388,20372,-89.92944735360277,30.069110849409217,-89.92944735360277,30.069110849409217,4075,6923,102770,0.43222316504030545,0.38506034818399243,0.39038936372269706,0.43222316504030545,0.38506034818399243,0.39038936372269706,154197,338898,4357066,NA,NA,NA,NA,NA,NA,NA,NA,NA,NA,NA,NA,NA,22,LA,Louisiana,071,Orleans Parish,1,0,1,1,0,349.978
22075,1,1,1,metro,metro,metro,1993,495,NA,NA,NA,NA,NA,28964,15544,797,9203,1021,-89.61071603949237,29.4372379556305,NA,NA,NA,NA,NA,NA,NA,NA,NA,NA,NA,7900,20265,227623,NA,NA,NA,NA,NA,NA,NA,NA,NA,NA,NA,NA,NA,22,LA,Louisiana,075,Plaquemines Parish,7,0,7,6,0,1172.743
22087,0,1,1,metro,metro,metro,1993,451,NA,NA,NA,NA,NA,20653,14101,1014,28070,3113,-89.66554926474849,29.869183774780762,-89.66554926474849,29.869183774780762,39,70,1009,0.004136614340263046,0.0038934312253184273,0.003832858499525166,0.004136614340263046,0.0038934312253184273,0.003832858499525166,22521,52813,626903,NA,NA,NA,NA,NA,NA,NA,NA,NA,NA,NA,NA,NA,22,LA,Louisiana,087,St. Bernard Parish,10,0,10,8,0,531.22
22089,0,1,1,metro,metro,metro,1993,451,NA,NA,NA,NA,NA,30238,18936,730,18944,2343,-90.35757335431146,29.91314982814965,-90.35757335431146,29.91314982814965,53,109,1293,0.0056215528213831144,0.0060626286222815505,0.004911680911680912,0.0056215528213831144,0.0060626286222815505,0.004911680911680912,14500,37453,511806,NA,NA,NA,NA,NA,NA,NA,NA,NA,NA,NA,NA,NA,22,LA,Louisiana,089,St. Charles Parish,10,0,9,8,0,409.689
22095,1,1,1,metro,metro,metro,1993,451,NA,NA,NA,NA,NA,24129,10824,593,16615,2574,-90.50792113802291,30.112644133854058,-90.50792113802291,30.112644133854058,139,336,2782,0.01474331777683496,0.01868846988152845,0.010567901234567901,0.01474331777683496,0.01868846988152845,0.010567901234567901,13059,35081,396320,NA,NA,NA,NA,NA,NA,NA,NA,NA,NA,NA,NA,NA,22,LA,Louisiana,095,St. John the Baptist Parish,9,0,8,7,0,349.357
22103,0,1,1,metro,metro,metro,1993,451,NA,NA,NA,NA,NA,18877,39982,3208,69220,6440,-89.96507421897307,30.40707395540083,-89.96507421897307,30.40707395540083,1455,3522,59717,0.15432753500212135,0.19589521107959285,0.2268452041785375,0.15432753500212135,0.19589521107959285,0.2268452041785375,50532,127568,1971811,NA,NA,NA,NA,NA,NA,NA,NA,NA,NA,NA,NA,NA,22,LA,Louisiana,103,St. Tammany Parish,13,0,12,9,0,1112.279
22109,3,3,3,metro,metro,metro,1993,447,NA,NA,NA,NA,NA,23251,36244,2303,38159,2457,-90.83826892736919,29.44769871397419,-90.83826892736919,29.44769871397419,270,581,6774,0.028638099278744167,0.03231547917014294,0.025732193732193733,0.028638099278744167,0.03231547917014294,0.025732193732193733,31200,80408,906581,NA,NA,NA,NA,NA,NA,NA,NA,NA,NA,NA,NA,NA,22,LA,Louisiana,109,Terrebonne Parish,11,0,10,8,1,1425.964
22051,0,1,1,metro,metro,metro,1994,469,NA,NA,NA,NA,NA,22652,190959,12366,217163,18350,-90.14520392992787,29.871744022448087,-90.14520392992787,29.871744022448087,3403,6216,95069,0.3369640558471136,0.3325842696629214,0.3234024458694062,0.3369640558471136,0.3325842696629214,0.3234024458694062,158712,352032,5325373,NA,NA,NA,NA,NA,NA,NA,NA,NA,NA,NA,NA,NA,22,LA,Louisiana,051,Jefferson Parish,10,0,10,7,1,497.225
22057,3,3,3,metro,metro,metro,1994,379,NA,NA,NA,NA,NA,20787,24005,1743,35210,2155,-90.43786512111947,29.57240907169766,-90.43786512111947,29.57240907169766,233,508,5888,0.023071591246658085,0.027180310326377743,0.020029595359991836,0.023071591246658085,0.027180310326377743,0.020029595359991836,26030,65496,790520,NA,NA,NA,NA,NA,NA,NA,NA,NA,NA,NA,NA,NA,22,LA,Louisiana,057,Lafourche Parish,11,0,10,9,1,1204.53
22071,0,1,1,metro,metro,metro,1994,469,NA,NA,NA,NA,NA,26285,266344,13281,186466,20468,-89.92944735360277,30.069110849409217,-89.92944735360277,30.069110849409217,4401,7118,113106,0.43578572135855037,0.38084537185660783,0.38476009048696275,0.43578572135855037,0.38084537185660783,0.38476009048696275,151986,325308,4411836,NA,NA,NA,NA,NA,NA,NA,NA,NA,NA,NA,NA,NA,22,LA,Louisiana,071,Orleans Parish,1,0,1,1,0,349.978
22075,1,1,1,metro,metro,metro,1994,469,NA,NA,NA,NA,NA,30416,15801,817,9415,1051,-89.61071603949237,29.4372379556305,-89.61071603949237,29.4372379556305,14,30,521,0.0013862758688979106,0.0016051364365971107,0.0017723198339938428,0.0013862758688979106,0.0016051364365971107,0.0017723198339938428,7956,20056,240620,NA,NA,NA,NA,NA,NA,NA,NA,NA,NA,NA,NA,NA,22,LA,Louisiana,075,Plaquemines Parish,7,0,7,6,0,1172.743
22087,0,1,1,metro,metro,metro,1994,469,NA,NA,NA,NA,NA,21673,14449,1078,28803,3053,-89.66554926474849,29.869183774780762,-89.66554926474849,29.869183774780762,38,60,660,0.0037627487870086147,0.0032102728731942215,0.0022451652407599544,0.0037627487870086147,0.0032102728731942215,0.0022451652407599544,22529,52393,659915,NA,NA,NA,NA,NA,NA,NA,NA,NA,NA,NA,NA,NA,22,LA,Louisiana,087,St. Bernard Parish,10,0,10,8,0,531.22
22089,0,1,1,metro,metro,metro,1994,469,NA,NA,NA,NA,NA,31368,20024,786,19734,2003,-90.35757335431146,29.91314982814965,-90.35757335431146,29.91314982814965,66,140,2555,0.006535300524804436,0.00749063670411985,0.008691510894154066,0.006535300524804436,0.00749063670411985,0.008691510894154066,14616,37478,539777,NA,NA,NA,NA,NA,NA,NA,NA,NA,NA,NA,NA,NA,22,LA,Louisiana,089,St. Charles Parish,10,0,9,8,0,409.689
22095,1,1,1,metro,metro,metro,1994,469,NA,NA,NA,NA,NA,24431,11010,637,17109,2163,-90.50792113802291,30.112644133854058,-90.50792113802291,30.112644133854058,128,295,3026,0.012674522229923754,0.015783841626538255,0.010293742452332761,0.012674522229923754,0.015783841626538255,0.010293742452332761,12998,33992,413079,NA,NA,NA,NA,NA,NA,NA,NA,NA,NA,NA,NA,NA,22,LA,Louisiana,095,St. John the Baptist Parish,9,0,8,7,0,349.357
22103,0,1,1,metro,metro,metro,1994,469,NA,NA,NA,NA,NA,19194,42992,3588,73480,6218,-89.96507421897307,30.40707395540083,-89.96507421897307,30.40707395540083,1574,3810,66295,0.15585701554609369,0.20385232744783308,0.22552004490330482,0.15585701554609369,0.20385232744783308,0.22552004490330482,52122,130551,2116071,NA,NA,NA,NA,NA,NA,NA,NA,NA,NA,NA,NA,NA,22,LA,Louisiana,103,St. Tammany Parish,13,0,12,9,0,1112.279
22109,3,3,3,metro,metro,metro,1994,379,NA,NA,NA,NA,NA,23467,38443,2451,39517,2402,-90.83826892736919,29.44769871397419,-90.83826892736919,29.44769871397419,242,513,6845,0.0239627685909496,0.027447833065810594,0.02328508495909377,0.0239627685909496,0.027447833065810594,0.02328508495909377,31599,80870,968516,NA,NA,NA,NA,NA,NA,NA,NA,NA,NA,NA,NA,NA,22,LA,Louisiana,109,Terrebonne Parish,11,0,10,8,1,1425.964
22051,0,1,1,metro,metro,metro,1995,477,NA,NA,NA,NA,NA,23463,197804,12730,220182,15859,-90.14520392992787,29.871744022448087,-90.14520392992787,29.871744022448087,2917,5382,85679,0.33455671521963526,0.3306912442396313,0.32565431892298685,0.33455671521963526,0.3306912442396313,0.32565431892298685,160354,353623,5758555,NA,NA,NA,NA,NA,NA,NA,NA,NA,NA,NA,NA,NA,22,LA,Louisiana,051,Jefferson Parish,10,0,10,7,1,497.225
22057,3,3,3,metro,metro,metro,1995,377,NA,NA,NA,NA,NA,21130,24940,1780,35799,1777,-90.43786512111947,29.57240907169766,-90.43786512111947,29.57240907169766,239,487,5701,0.027411400389952975,0.029923195084485408,0.021668731803358446,0.027411400389952975,0.029923195084485408,0.021668731803358446,29024,72240,926962,NA,NA,NA,NA,NA,NA,NA,NA,NA,NA,NA,NA,NA,22,LA,Louisiana,057,Lafourche Parish,11,0,10,9,1,1204.53
22071,0,1,1,metro,metro,metro,1995,477,NA,NA,NA,NA,NA,27390,268356,13339,188107,19010,-89.92944735360277,30.069110849409217,-89.92944735360277,30.069110849409217,3669,5857,94425,0.42080513820392246,0.35987711213517665,0.35889668488547993,0.42080513820392246,0.35987711213517665,0.35889668488547993,150124,319610,4570865,NA,NA,NA,NA,NA,NA,NA,NA,NA,NA,NA,NA,NA,22,LA,Louisiana,071,Orleans Parish,1,0,1,1,0,349.978
22075,1,1,1,metro,metro,metro,1995,477,NA,NA,NA,NA,NA,30700,16357,820,9636,869,-89.61071603949237,29.4372379556305,-89.61071603949237,29.4372379556305,11,25,530,0.0012616125702488818,0.0015360983102918587,0.0020144584907524953,0.0012616125702488818,0.0015360983102918587,0.0020144584907524953,8235,20572,260959,NA,NA,NA,NA,NA,NA,NA,NA,NA,NA,NA,NA,NA,22,LA,Louisiana,075,Plaquemines Parish,7,0,7,6,0,1172.743
22087,0,1,1,metro,metro,metro,1995,477,NA,NA,NA,NA,NA,22531,14326,1092,29174,3000,-89.66554926474849,29.869183774780762,-89.66554926474849,29.869183774780762,37,64,660,0.004243605918109875,0.003932411674347158,0.0025085709507483905,0.004243605918109875,0.003932411674347158,0.0025085709507483905,22899,52825,708050,NA,NA,NA,NA,NA,NA,NA,NA,NA,NA,NA,NA,NA,22,LA,Louisiana,087,St. Bernard Parish,10,0,10,8,0,531.22
22089,0,1,1,metro,metro,metro,1995,477,NA,NA,NA,NA,NA,33352,20281,831,20287,1740,-90.35757335431146,29.91314982814965,-90.35757335431146,29.91314982814965,69,165,1997,0.007913751577015713,0.010138248847926268,0.007590327558552327,0.007913751577015713,0.010138248847926268,0.007590327558552327,16159,41224,627152,NA,NA,NA,NA,NA,NA,NA,NA,NA,NA,NA,NA,NA,22,LA,Louisiana,089,St. Charles Parish,10,0,9,8,0,409.689
22095,1,1,1,metro,metro,metro,1995,477,NA,NA,NA,NA,NA,24932,11550,655,17414,2010,-90.50792113802291,30.112644133854058,-90.50792113802291,30.112644133854058,100,226,2341,0.011469205184080743,0.013886328725038402,0.008897825145003002,0.011469205184080743,0.013886328725038402,0.008897825145003002,11884,30812,396824,NA,NA,NA,NA,NA,NA,NA,NA,NA,NA,NA,NA,NA,22,LA,Louisiana,095,St. John the Baptist Parish,9,0,8,7,0,349.357
22103,0,1,1,metro,metro,metro,1995,477,NA,NA,NA,NA,NA,19867,45667,3842,77131,5430,-89.96507421897307,30.40707395540083,-89.96507421897307,30.40707395540083,1444,3539,65206,0.16561532285812594,0.21745007680491552,0.2478392082037872,0.16561532285812594,0.21745007680491552,0.2478392082037872,54294,135638,2420186,NA,NA,NA,NA,NA,NA,NA,NA,NA,NA,NA,NA,NA,22,LA,Louisiana,103,St. Tammany Parish,13,0,12,9,0,1112.279
22109,3,3,3,metro,metro,metro,1995,377,NA,NA,NA,NA,NA,24154,39377,2491,40150,2247,-90.83826892736919,29.44769871397419,-90.83826892736919,29.44769871397419,233,530,6559,0.02672324807890813,0.0325652841781874,0.024929874039331352,0.02672324807890813,0.0325652841781874,0.024929874039331352,28926,73371,926138,NA,NA,NA,NA,NA,NA,NA,NA,NA,NA,NA,NA,NA,22,LA,Louisiana,109,Terrebonne Parish,11,0,10,8,1,1425.964
22051,0,1,1,metro,metro,metro,1996,482,NA,NA,NA,NA,NA,24098,205160,13001,224477,14207,-90.14520392992787,29.871744022448087,-90.14520392992787,29.871744022448087,2878,5382,87345,0.31577792407285493,0.31577094578737386,0.3097274526073913,0.31577792407285493,0.31577094578737386,0.3097274526073913,161437,354853,6031393,NA,NA,NA,NA,NA,NA,NA,NA,NA,NA,NA,NA,NA,22,LA,Louisiana,051,Jefferson Parish,10,0,10,7,1,497.225
22057,3,3,3,metro,metro,metro,1996,385,NA,NA,NA,NA,NA,22413,26130,1813,37328,1545,-90.43786512111947,29.57240907169766,-90.43786512111947,29.57240907169766,270,513,7537,0.029624753127057275,0.030098568411171086,0.026726381708190607,0.029624753127057275,0.030098568411171086,0.026726381708190607,30038,74272,1074201,NA,NA,NA,NA,NA,NA,NA,NA,NA,NA,NA,NA,NA,22,LA,Louisiana,057,Lafourche Parish,11,0,10,9,1,1204.53
22071,0,1,1,metro,metro,metro,1996,482,NA,NA,NA,NA,NA,27813,262320,13283,189844,18390,-89.92944735360277,30.069110849409217,-89.92944735360277,30.069110849409217,3753,5900,94138,0.4117840684660961,0.34616287256512557,0.3338155925760445,0.4117840684660961,0.34616287256512557,0.3338155925760445,152581,325966,4781135,NA,NA,NA,NA,NA,NA,NA,NA,NA,NA,NA,NA,NA,22,LA,Louisiana,071,Orleans Parish,1,0,1,1,0,349.978
22075,1,1,1,metro,metro,metro,1996,482,NA,NA,NA,NA,NA,32345,17592,795,9893,673,-89.61071603949237,29.4372379556305,-89.61071603949237,29.4372379556305,10,25,238,0.0010972130787798991,0.0014667918329030745,8.43953674744509e-4,0.0010972130787798991,0.0014667918329030745,8.43953674744509e-4,8516,21064,283297,NA,NA,NA,NA,NA,NA,NA,NA,NA,NA,NA,NA,NA,22,LA,Louisiana,075,Plaquemines Parish,7,0,7,6,0,1172.743
22087,0,1,1,metro,metro,metro,1996,482,NA,NA,NA,NA,NA,22341,15226,1120,29755,2512,-89.66554926474849,29.869183774780762,-89.66554926474849,29.869183774780762,49,91,913,0.005376344086021506,0.005339122271767191,0.0032375197690829275,0.005376344086021506,0.005339122271767191,0.0032375197690829275,23123,53121,741828,NA,NA,NA,NA,NA,NA,NA,NA,NA,NA,NA,NA,NA,22,LA,Louisiana,087,St. Bernard Parish,10,0,10,8,0,531.22
22089,0,1,1,metro,metro,metro,1996,482,NA,NA,NA,NA,NA,34275,19666,872,21070,1709,-90.35757335431146,29.91314982814965,-90.35757335431146,29.91314982814965,86,206,3399,0.009436032477507132,0.012086364703121332,0.012052935043935235,0.009436032477507132,0.012086364703121332,0.012052935043935235,16673,42391,667779,NA,NA,NA,NA,NA,NA,NA,NA,NA,NA,NA,NA,NA,22,LA,Louisiana,089,St. Charles Parish,10,0,9,8,0,409.689
22095,1,1,1,metro,metro,metro,1996,482,NA,NA,NA,NA,NA,26048,11584,686,17920,2103,-90.50792113802291,30.112644133854058,-90.50792113802291,30.112644133854058,132,329,3550,0.014483212639894667,0.01930298052100446,0.012588384644298348,0.014483212639894667,0.01930298052100446,0.012588384644298348,12199,31470,416095,NA,NA,NA,NA,NA,NA,NA,NA,NA,NA,NA,NA,NA,22,LA,Louisiana,095,St. John the Baptist Parish,9,0,8,7,0,349.357
22103,0,1,1,metro,metro,metro,1996,482,NA,NA,NA,NA,NA,19753,48790,4088,81613,4613,-89.96507421897307,30.40707395540083,-89.96507421897307,30.40707395540083,1673,4030,77870,0.1835637480798771,0.2364468434639756,0.27612887669056685,0.1835637480798771,0.2364468434639756,0.27612887669056685,56778,140647,2650010,NA,NA,NA,NA,NA,NA,NA,NA,NA,NA,NA,NA,NA,22,LA,Louisiana,103,St. Tammany Parish,13,0,12,9,0,1112.279
22109,3,3,3,metro,metro,metro,1996,385,NA,NA,NA,NA,NA,25203,41461,2545,42295,1959,-90.83826892736919,29.44769871397419,-90.83826892736919,29.44769871397419,263,568,7016,0.028856703971911344,0.03332551044355785,0.024878903285745692,0.028856703971911344,0.03332551044355785,0.024878903285745692,29353,73694,1008443,NA,NA,NA,NA,NA,NA,NA,NA,NA,NA,NA,NA,NA,22,LA,Louisiana,109,Terrebonne Parish,11,0,10,8,1,1425.964
22051,0,1,1,metro,metro,metro,1997,482,NA,NA,NA,NA,NA,25383,209820,13299,230027,12278,-90.14520392992787,29.871744022448087,-90.14520392992787,29.871744022448087,2971,5346,92461,0.30944693261118633,0.30692387185669995,0.2958723596253476,0.30944693261118633,0.30692387185669995,0.2958723596253476,162176,352885,6286014,NA,NA,NA,NA,NA,NA,NA,NA,NA,NA,NA,NA,NA,22,LA,Louisiana,051,Jefferson Parish,10,0,10,7,1,497.225
22057,3,3,3,metro,metro,metro,1997,396,NA,NA,NA,NA,NA,24540,27968,1839,40061,1273,-90.43786512111947,29.57240907169766,-90.43786512111947,29.57240907169766,333,709,8777,0.03468388709509426,0.040705017797680564,0.02808613037314842,0.03468388709509426,0.040705017797680564,0.02808613037314842,31017,75884,1203905,NA,NA,NA,NA,NA,NA,NA,NA,NA,NA,NA,NA,NA,22,LA,Louisiana,057,Lafourche Parish,11,0,10,9,1,1204.53
22071,0,1,1,metro,metro,metro,1997,482,NA,NA,NA,NA,NA,29467,261845,13157,193270,14983,-89.92944735360277,30.069110849409217,-89.92944735360277,30.069110849409217,3907,6086,107605,0.40693677741901885,0.3494086577104145,0.3443326944061337,0.40693677741901885,0.3494086577104145,0.3443326944061337,152175,323292,4844681,NA,NA,NA,NA,NA,NA,NA,NA,NA,NA,NA,NA,NA,22,LA,Louisiana,071,Orleans Parish,1,0,1,1,0,349.978
22075,1,1,1,metro,metro,metro,1997,482,NA,NA,NA,NA,NA,34541,18132,823,10341,598,-89.61071603949237,29.4372379556305,-89.61071603949237,29.4372379556305,10,18,254,0.0010415581710238517,0.0010334137099552187,8.127921971949069e-4,0.0010415581710238517,0.0010334137099552187,8.127921971949069e-4,8644,21e3,313626,NA,NA,NA,NA,NA,NA,NA,NA,NA,NA,NA,NA,NA,22,LA,Louisiana,075,Plaquemines Parish,7,0,7,6,0,1172.743
22087,0,1,1,metro,metro,metro,1997,482,NA,NA,NA,NA,NA,23474,15796,1151,30509,2095,-89.66554926474849,29.869183774780762,-89.66554926474849,29.869183774780762,81,152,1920,0.0084366211852932,0.00872660466184407,0.0061439410181662255,0.0084366211852932,0.00872660466184407,0.0061439410181662255,23244,52954,782820,NA,NA,NA,NA,NA,NA,NA,NA,NA,NA,NA,NA,NA,22,LA,Louisiana,087,St. Bernard Parish,10,0,10,8,0,531.22
22089,0,1,1,metro,metro,metro,1997,482,NA,NA,NA,NA,NA,35828,20625,893,21991,1280,-90.35757335431146,29.91314982814965,-90.35757335431146,29.91314982814965,91,199,3033,0.00947817935631705,0.011424962682282696,0.009705506827134459,0.00947817935631705,0.011424962682282696,0.009705506827134459,16951,42868,732594,NA,NA,NA,NA,NA,NA,NA,NA,NA,NA,NA,NA,NA,22,LA,Louisiana,089,St. Charles Parish,10,0,9,8,0,409.689
22095,1,1,1,metro,metro,metro,1997,482,NA,NA,NA,NA,NA,27239,12291,695,18383,1537,-90.50792113802291,30.112644133854058,-90.50792113802291,30.112644133854058,112,241,3498,0.011665451515467138,0.013836261338844873,0.011193492542471593,0.011665451515467138,0.013836261338844873,0.011193492542471593,12280,31136,446504,NA,NA,NA,NA,NA,NA,NA,NA,NA,NA,NA,NA,NA,22,LA,Louisiana,095,St. John the Baptist Parish,9,0,8,7,0,349.357
22103,0,1,1,metro,metro,metro,1997,482,NA,NA,NA,NA,NA,21498,51322,4364,86710,4139,-89.96507421897307,30.40707395540083,-89.96507421897307,30.40707395540083,1695,3900,83983,0.17654410998854286,0.22390630382363072,0.26874302006700734,0.17654410998854286,0.22390630382363072,0.26874302006700734,58637,144224,2885025,NA,NA,NA,NA,NA,NA,NA,NA,NA,NA,NA,NA,NA,22,LA,Louisiana,103,St. Tammany Parish,13,0,12,9,0,1112.279
22109,3,3,3,metro,metro,metro,1997,396,NA,NA,NA,NA,NA,26883,45817,2618,45544,1665,-90.83826892736919,29.44769871397419,-90.83826892736919,29.44769871397419,401,767,10972,0.04176648265805645,0.04403490641864738,0.03511006294339574,0.04176648265805645,0.04403490641864738,0.03511006294339574,30207,74843,1170293,NA,NA,NA,NA,NA,NA,NA,NA,NA,NA,NA,NA,NA,22,LA,Louisiana,109,Terrebonne Parish,11,0,10,8,1,1425.964
22051,0,1,1,metro,metro,metro,1998,503,NA,NA,NA,NA,NA,26754,213489,13772,233127,11404,-90.14520392992787,29.871744022448087,-90.14520392992787,29.871744022448087,3005,5410,96263,0.30972995258709546,0.30857859913301394,0.29878453793197635,0.30972995258709546,0.30857859913301394,0.29878453793197635,163475,353872,6673503,NA,NA,NA,NA,NA,NA,NA,NA,NA,NA,NA,NA,NA,22,LA,Louisiana,051,Jefferson Parish,10,0,10,7,1,497.225
22057,3,3,3,metro,metro,metro,1998,406,NA,NA,NA,NA,NA,26073,29436,1892,41715,1321,-90.43786512111947,29.57240907169766,-90.43786512111947,29.57240907169766,294,599,7907,0.030303030303030304,0.034166096281086016,0.024542029039486997,0.030303030303030304,0.034166096281086016,0.024542029039486997,31761,76966,1262180,NA,NA,NA,NA,NA,NA,NA,NA,NA,NA,NA,NA,NA,22,LA,Louisiana,057,Lafourche Parish,11,0,10,9,1,1204.53
22071,0,1,1,metro,metro,metro,1998,503,NA,NA,NA,NA,NA,31047,259468,13436,194813,14354,-89.92944735360277,30.069110849409217,-89.92944735360277,30.069110849409217,4062,6285,120237,0.4186765615337044,0.3584873374401095,0.37319589548764365,0.4186765615337044,0.3584873374401095,0.37319589548764365,153140,322579,5045211,NA,NA,NA,NA,NA,NA,NA,NA,NA,NA,NA,NA,NA,22,LA,Louisiana,071,Orleans Parish,1,0,1,1,0,349.978
22075,1,1,1,metro,metro,metro,1998,503,NA,NA,NA,NA,NA,34437,18838,864,10570,628,-89.61071603949237,29.4372379556305,-89.61071603949237,29.4372379556305,21,45,744,0.0021645021645021645,0.002566735112936345,0.0023092537758161538,0.0021645021645021645,0.002566735112936345,0.0023092537758161538,8756,21075,335823,NA,NA,NA,NA,NA,NA,NA,NA,NA,NA,NA,NA,NA,22,LA,Louisiana,075,Plaquemines Parish,7,0,7,6,0,1172.743
22087,0,1,1,metro,metro,metro,1998,503,NA,NA,NA,NA,NA,24646,15759,1199,30838,1926,-89.66554926474849,29.869183774780762,-89.66554926474849,29.869183774780762,63,123,1737,0.006493506493506494,0.00701574264202601,0.005391362645957875,0.006493506493506494,0.00701574264202601,0.005391362645957875,23415,52779,820405,NA,NA,NA,NA,NA,NA,NA,NA,NA,NA,NA,NA,NA,22,LA,Louisiana,087,St. Bernard Parish,10,0,10,8,0,531.22
22089,0,1,1,metro,metro,metro,1998,503,NA,NA,NA,NA,NA,39235,22345,943,22631,1254,-90.35757335431146,29.91314982814965,-90.35757335431146,29.91314982814965,110,228,3404,0.011337868480725623,0.013004791238877482,0.010565456791502939,0.011337868480725623,0.013004791238877482,0.010565456791502939,17283,43133,771109,NA,NA,NA,NA,NA,NA,NA,NA,NA,NA,NA,NA,NA,22,LA,Louisiana,089,St. Charles Parish,10,0,9,8,0,409.689
22095,1,1,1,metro,metro,metro,1998,503,NA,NA,NA,NA,NA,27948,12451,721,18823,1509,-90.50792113802291,30.112644133854058,-90.50792113802291,30.112644133854058,150,316,4615,0.015460729746444033,0.018024184348619667,0.014324201848644556,0.015460729746444033,0.018024184348619667,0.014324201848644556,12651,31510,491754,NA,NA,NA,NA,NA,NA,NA,NA,NA,NA,NA,NA,NA,22,LA,Louisiana,095,St. John the Baptist Parish,9,0,8,7,0,349.357
22103,0,1,1,metro,metro,metro,1998,503,NA,NA,NA,NA,NA,22935,52923,4622,90315,3918,-89.96507421897307,30.40707395540083,-89.96507421897307,30.40707395540083,1718,3894,77657,0.17707689136260565,0.22210814510609173,0.24103457052225138,0.17707689136260565,0.22210814510609173,0.24103457052225138,60758,148055,3124985,NA,NA,NA,NA,NA,NA,NA,NA,NA,NA,NA,NA,NA,22,LA,Louisiana,103,St. Tammany Parish,13,0,12,9,0,1112.279
22109,3,3,3,metro,metro,metro,1998,406,NA,NA,NA,NA,NA,27830,48164,2764,47758,1684,-90.83826892736919,29.44769871397419,-90.83826892736919,29.44769871397419,279,632,9618,0.0287569573283859,0.03604836869723933,0.029852691956720113,0.0287569573283859,0.03604836869723933,0.029852691956720113,31259,76527,1263385,NA,NA,NA,NA,NA,NA,NA,NA,NA,NA,NA,NA,NA,22,LA,Louisiana,109,Terrebonne Parish,11,0,10,8,1,1425.964
22051,0,1,1,metro,metro,metro,1999,520,NA,NA,NA,NA,NA,27378,216284,14206,231934,10408,-90.14520392992787,29.871744022448087,-90.14520392992787,29.871744022448087,2825,5e3,92346,0.3048451494550556,0.3038774766014343,0.2925721165270011,0.3048451494550556,0.3038774766014343,0.2925721165270011,163955,353754,7019322,NA,NA,NA,NA,NA,NA,NA,NA,NA,NA,NA,NA,NA,22,LA,Louisiana,051,Jefferson Parish,10,0,10,7,1,497.225
22057,3,3,3,metro,metro,metro,1999,413,NA,NA,NA,NA,NA,26436,29082,1969,40074,1533,-90.43786512111947,29.57240907169766,-90.43786512111947,29.57240907169766,276,532,7075,0.029783101327290385,0.03233256351039261,0.02241513140177737,0.029783101327290385,0.03233256351039261,0.02241513140177737,32025,77374,1250667,NA,NA,NA,NA,NA,NA,NA,NA,NA,NA,NA,NA,NA,22,LA,Louisiana,057,Lafourche Parish,11,0,10,9,1,1204.53
22071,0,1,1,metro,metro,metro,1999,520,NA,NA,NA,NA,NA,31262,258788,13615,193110,11791,-89.92944735360277,30.069110849409217,-89.92944735360277,30.069110849409217,3931,6047,114401,0.4241933743390526,0.36750942020177463,0.3624471303879481,0.4241933743390526,0.36750942020177463,0.3624471303879481,154762,326833,5482914,NA,NA,NA,NA,NA,NA,NA,NA,NA,NA,NA,NA,NA,22,LA,Louisiana,071,Orleans Parish,1,0,1,1,0,349.978
22075,1,1,1,metro,metro,metro,1999,520,NA,NA,NA,NA,NA,34079,17379,876,10527,656,-89.61071603949237,29.4372379556305,NA,NA,NA,NA,NA,NA,NA,NA,NA,NA,NA,8745,21169,342487,NA,NA,NA,NA,NA,NA,NA,NA,NA,NA,NA,NA,NA,22,LA,Louisiana,075,Plaquemines Parish,7,0,7,6,0,1172.743
22087,0,1,1,metro,metro,metro,1999,520,NA,NA,NA,NA,NA,23877,16481,1251,30605,1656,-89.66554926474849,29.869183774780762,-89.66554926474849,29.869183774780762,61,110,1642,0.006582497032480846,0.006685304485231555,0.005202211415083879,0.006582497032480846,0.006685304485231555,0.005202211415083879,23392,52671,847879,NA,NA,NA,NA,NA,NA,NA,NA,NA,NA,NA,NA,NA,22,LA,Louisiana,087,St. Bernard Parish,10,0,10,8,0,531.22
22089,0,1,1,metro,metro,metro,1999,520,NA,NA,NA,NA,NA,39040,20391,972,22835,1270,-90.35757335431146,29.91314982814965,-90.35757335431146,29.91314982814965,116,248,3888,0.012517535340455379,0.015072322839431142,0.012318025567506772,0.012517535340455379,0.015072322839431142,0.012318025567506772,17619,43767,828743,NA,NA,NA,NA,NA,NA,NA,NA,NA,NA,NA,NA,NA,22,LA,Louisiana,089,St. Charles Parish,10,0,9,8,0,409.689
22095,1,1,1,metro,metro,metro,1999,520,NA,NA,NA,NA,NA,28197,12743,736,18940,1498,-90.50792113802291,30.112644133854058,-90.50792113802291,30.112644133854058,141,312,4098,0.015215280025898349,0.0189619545399295,0.01298335102254186,0.015215280025898349,0.0189619545399295,0.01298335102254186,12768,31824,500903,NA,NA,NA,NA,NA,NA,NA,NA,NA,NA,NA,NA,NA,22,LA,Louisiana,095,St. John the Baptist Parish,9,0,8,7,0,349.357
22103,0,1,1,metro,metro,metro,1999,520,NA,NA,NA,NA,NA,23562,55187,4827,92254,3337,-89.96507421897307,30.40707395540083,-89.96507421897307,30.40707395540083,1677,3705,84701,0.1809647134995144,0.2251732101616628,0.2683511017472714,0.1809647134995144,0.2251732101616628,0.2683511017472714,62798,152095,3313362,NA,NA,NA,NA,NA,NA,NA,NA,NA,NA,NA,NA,NA,22,LA,Louisiana,103,St. Tammany Parish,13,0,12,9,0,1112.279
22109,3,3,3,metro,metro,metro,1999,413,NA,NA,NA,NA,NA,27506,45497,2828,45823,1987,-90.83826892736919,29.44769871397419,-90.83826892736919,29.44769871397419,240,500,7484,0.02589834898025251,0.03038774766014343,0.023710931930869518,0.02589834898025251,0.03038774766014343,0.023710931930869518,31447,77018,1258952,NA,NA,NA,NA,NA,NA,NA,NA,NA,NA,NA,NA,NA,22,LA,Louisiana,109,Terrebonne Parish,11,0,10,8,1,1425.964
22051,0,1,1,metro,metro,metro,2e3,521,454936,0.23038185590940263,0.5196247384247454,jefferson,Louisiana,28014,215326,14198,221554,10682,-90.14520392992787,29.871744022448087,-90.14520392992787,29.871744022448087,2719,4796,91105,0.3048206278026906,0.3055360896986685,0.2831836676333548,0.3048206278026906,0.3055360896986685,0.2831836676333548,163540,352209,7193016,NA,NA,NA,NA,NA,NA,NA,NA,NA,NA,NA,NA,NA,22,LA,Louisiana,051,Jefferson Parish,10,0,10,7,1,497.225
22057,3,3,3,metro,metro,metro,2e3,414,89775,0.12672793093845724,0.5124589250905041,lafourche,Louisiana,27423,30088,2011,39295,1847,-90.43786512111947,29.57240907169766,-90.43786512111947,29.57240907169766,319,613,8774,0.035762331838565024,0.03905204816206918,0.027272416440536247,0.035762331838565024,0.03905204816206918,0.027272416440536247,32281,77526,1296506,NA,NA,NA,NA,NA,NA,NA,NA,NA,NA,NA,NA,NA,22,LA,Louisiana,057,Lafourche Parish,11,0,10,9,1,1204.53
22071,0,1,1,metro,metro,metro,2e3,521,485610,0.677014476637631,0.5310887337575421,orleans,Louisiana,32084,262957,13446,199774,11525,-89.92944735360277,30.069110849409217,-89.92944735360277,30.069110849409217,3695,5551,119968,0.414237668161435,0.353634452443142,0.37289916292890957,0.414237668161435,0.353634452443142,0.37289916292890957,153618,323847,5692158,NA,NA,NA,NA,NA,NA,NA,NA,NA,NA,NA,NA,NA,22,LA,Louisiana,071,Orleans Parish,1,0,1,1,0,349.978
22075,1,1,1,metro,metro,metro,2e3,521,26758,0.23443456162642948,0.5017938560430526,plaquemines,Louisiana,35084,16726,889,10398,643,-89.61071603949237,29.4372379556305,-89.61071603949237,29.4372379556305,10,31,483,0.0011210762331838565,0.001974899662355864,0.0015013194826509013,0.0011210762331838565,0.001974899662355864,0.0015013194826509013,8812,21137,359939,NA,NA,NA,NA,NA,NA,NA,NA,NA,NA,NA,NA,NA,22,LA,Louisiana,075,Plaquemines Parish,7,0,7,6,0,1172.743
22087,0,1,1,metro,metro,metro,2e3,521,67278,0.07644400844258152,0.5164095246588781,st. bernard,Louisiana,24004,16050,1227,30510,1761,-89.66554926474849,29.869183774780762,-89.66554926474849,29.869183774780762,73,122,1641,0.008183856502242152,0.007772185767981143,0.005100756254720764,0.008183856502242152,0.007772185767981143,0.005100756254720764,23405,52497,869195,NA,NA,NA,NA,NA,NA,NA,NA,NA,NA,NA,NA,NA,22,LA,Louisiana,087,St. Bernard Parish,10,0,10,8,0,531.22
22089,0,1,1,metro,metro,metro,2e3,521,48118,0.253771977222661,0.5122199592668024,st. charles,Louisiana,40848,19615,976,22627,1337,-90.35757335431146,29.91314982814965,-90.35757335431146,29.91314982814965,79,169,2526,0.008856502242152467,0.010766388481875517,0.007851621145292292,0.008856502242152467,0.010766388481875517,0.007851621145292292,17730,44126,835268,NA,NA,NA,NA,NA,NA,NA,NA,NA,NA,NA,NA,NA,22,LA,Louisiana,089,St. Charles Parish,10,0,9,8,0,409.689
22095,1,1,1,metro,metro,metro,2e3,521,43248,0.4500323714391417,0.5145902700702922,st. john the baptist,Louisiana,30039,13023,738,18702,1363,-90.50792113802291,30.112644133854058,-90.50792113802291,30.112644133854058,138,293,3934,0.01547085201793722,0.018665987131298974,0.012228138394924731,0.01547085201793722,0.018665987131298974,0.012228138394924731,12934,32035,516858,NA,NA,NA,NA,NA,NA,NA,NA,NA,NA,NA,NA,NA,22,LA,Louisiana,095,St. John the Baptist Parish,9,0,8,7,0,349.357
22103,0,1,1,metro,metro,metro,2e3,521,192131,0.09999427473963077,0.5098344358796862,st. tammany,Louisiana,24077,57767,5000,92428,4184,-89.96507421897307,30.40707395540083,-89.96507421897307,30.40707395540083,1626,3588,84053,0.18228699551569508,0.22857870930751098,0.2612637815222696,0.18228699551569508,0.22857870930751098,0.2612637815222696,64322,154650,3515367,NA,NA,NA,NA,NA,NA,NA,NA,NA,NA,NA,NA,NA,22,LA,Louisiana,103,St. Tammany Parish,13,0,12,9,0,1112.279
22109,3,3,3,metro,metro,metro,2e3,414,104756,0.17829050364656918,0.5087059452441864,terrebonne,Louisiana,29013,46820,2854,43746,2133,-90.83826892736919,29.44769871397419,-90.83826892736919,29.44769871397419,261,534,9233,0.029260089686098653,0.03401923934509779,0.02869913619734114,0.029260089686098653,0.03401923934509779,0.02869913619734114,31479,76711,1320878,NA,NA,NA,NA,NA,NA,NA,NA,NA,NA,NA,NA,NA,22,LA,Louisiana,109,Terrebonne Parish,11,0,10,8,1,1425.964
22051,0,1,1,metro,metro,metro,2001,527,453154,0.23643617842940812,0.5200792666510723,jefferson,Louisiana,29326,213911,13895,216932,10942,-90.14520392992787,29.871744022448087,-90.14520392992787,29.871744022448087,2811,4933,89428,0.298502707868748,0.29745537867824406,0.27168797868494365,0.298502707868748,0.29745537867824406,0.27168797868494365,163740,350795,7202674,NA,NA,NA,NA,NA,NA,NA,NA,NA,NA,NA,NA,NA,22,LA,Louisiana,051,Jefferson Parish,10,0,10,7,1,497.225
22057,3,3,3,metro,metro,metro,2001,419,90105,0.1272515398701515,0.5120248598856889,lafourche,Louisiana,29519,30969,1999,40257,1907,-90.43786512111947,29.57240907169766,-90.43786512111947,29.57240907169766,342,662,8733,0.036317298502707866,0.03991799324650265,0.026531412061721306,0.036317298502707866,0.03991799324650265,0.026531412061721306,33103,78630,1458036,NA,NA,NA,NA,NA,NA,NA,NA,NA,NA,NA,NA,NA,22,LA,Louisiana,057,Lafourche Parish,11,0,10,9,1,1204.53
22071,0,1,1,metro,metro,metro,2001,527,487363,0.6772528895299808,0.530616809236647,orleans,Louisiana,32880,263427,13271,194236,12023,-89.92944735360277,30.069110849409217,-89.92944735360277,30.069110849409217,3777,5701,121873,0.40108314749920354,0.3437650747708635,0.37025796200597283,0.40108314749920354,0.3437650747708635,0.37025796200597283,152549,321257,5558429,NA,NA,NA,NA,NA,NA,NA,NA,NA,NA,NA,NA,NA,22,LA,Louisiana,071,Orleans Parish,1,0,1,1,0,349.978
22075,1,1,1,metro,metro,metro,2001,527,27029,0.2333789633356765,0.5009804284287247,plaquemines,Louisiana,36012,16983,883,10383,617,-89.61071603949237,29.4372379556305,-89.61071603949237,29.4372379556305,38,78,1176,0.0040352553891897635,0.004703328509406657,0.0035727631495000864,0.0040352553891897635,0.004703328509406657,0.0035727631495000864,9012,21428,374938,NA,NA,NA,NA,NA,NA,NA,NA,NA,NA,NA,NA,NA,22,LA,Louisiana,075,Plaquemines Parish,7,0,7,6,0,1172.743
22087,0,1,1,metro,metro,metro,2001,527,68028,0.08151055447756805,0.514655729993532,st. bernard,Louisiana,25679,15738,1191,29830,1812,-89.66554926474849,29.869183774780762,-89.66554926474849,29.869183774780762,67,136,1742,0.0071147923967293195,0.008200675349734683,0.005292307318392135,0.0071147923967293195,0.008200675349734683,0.005292307318392135,23327,51985,900992,NA,NA,NA,NA,NA,NA,NA,NA,NA,NA,NA,NA,NA,22,LA,Louisiana,087,St. Bernard Parish,10,0,10,8,0,531.22
22089,0,1,1,metro,metro,metro,2001,527,48461,0.2569488867336621,0.5112564742782856,st. charles,Louisiana,42394,19629,982,22431,1291,-90.35757335431146,29.91314982814965,-90.35757335431146,29.91314982814965,102,214,3733,0.01083147499203568,0.01290400385914134,0.011341092548540667,0.01083147499203568,0.01290400385914134,0.011341092548540667,17784,44022,845545,NA,NA,NA,NA,NA,NA,NA,NA,NA,NA,NA,NA,NA,22,LA,Louisiana,089,St. Charles Parish,10,0,9,8,0,409.689
22095,1,1,1,metro,metro,metro,2001,527,43580,0.45353373106929784,0.5130105553005966,st. john the baptist,Louisiana,31187,12645,746,18657,1373,-90.50792113802291,30.112644133854058,-90.50792113802291,30.112644133854058,143,317,4444,0.015185303175108847,0.019114809454896287,0.013501155983314953,0.015185303175108847,0.019114809454896287,0.013501155983314953,13269,32611,533326,NA,NA,NA,NA,NA,NA,NA,NA,NA,NA,NA,NA,NA,22,LA,Louisiana,095,St. John the Baptist Parish,9,0,8,7,0,349.357
22103,0,1,1,metro,metro,metro,2001,527,195622,0.10178303053848749,0.5103567083456871,st. tammany,Louisiana,25139,58741,5092,92825,4546,-89.96507421897307,30.40707395540083,-89.96507421897307,30.40707395540083,1870,4020,89020,0.19857704152065414,0.24240231548480462,0.27044844861266815,0.19857704152065414,0.24240231548480462,0.27044844861266815,66106,158033,3612259,NA,NA,NA,NA,NA,NA,NA,NA,NA,NA,NA,NA,NA,22,LA,Louisiana,103,St. Tammany Parish,13,0,12,9,0,1112.279
22109,3,3,3,metro,metro,metro,2001,419,105255,0.17773027409624245,0.5071873070162938,terrebonne,Louisiana,30872,48295,2839,44940,2215,-90.83826892736919,29.44769871397419,-90.83826892736919,29.44769871397419,267,523,9008,0.02835297865562281,0.031536420646406174,0.02736687963494624,0.02835297865562281,0.031536420646406174,0.02736687963494624,31805,76581,1367099,NA,NA,NA,NA,NA,NA,NA,NA,NA,NA,NA,NA,NA,22,LA,Louisiana,109,Terrebonne Parish,11,0,10,8,1,1425.964
22051,0,1,1,metro,metro,metro,2002,637,453429,0.24175560010497785,0.5197947197907501,jefferson,Louisiana,30482,210070,13721,211580,11538,-90.14520392992787,29.871744022448087,-90.14520392992787,29.871744022448087,2773,4897,95237,0.28879400124973964,0.28738262910798124,0.2787079064350076,0.28879400124973964,0.28738262910798124,0.2787079064350076,163311,350285,7026483,NA,NA,NA,NA,NA,NA,NA,NA,NA,NA,NA,NA,NA,22,LA,Louisiana,051,Jefferson Parish,10,0,10,7,1,497.225
22057,3,3,3,metro,metro,metro,2002,433,90994,0.12851396795393102,0.5121876167659406,lafourche,Louisiana,30403,31720,2014,40796,2021,-90.43786512111947,29.57240907169766,-90.43786512111947,29.57240907169766,365,769,9631,0.03801291397625495,0.045129107981220655,0.028184800517399307,0.03801291397625495,0.045129107981220655,0.028184800517399307,33376,79375,1339311,NA,NA,NA,NA,NA,NA,NA,NA,NA,NA,NA,NA,NA,22,LA,Louisiana,057,Lafourche Parish,11,0,10,9,1,1204.53
22071,0,1,1,metro,metro,metro,2002,637,489722,0.6764980948374792,0.5297903708634695,orleans,Louisiana,34410,253859,12915,187637,12606,-89.92944735360277,30.069110849409217,-89.92944735360277,30.069110849409217,3956,5884,123802,0.41199750052072487,0.34530516431924885,0.36230242691881104,0.41199750052072487,0.34530516431924885,0.36230242691881104,150935,318127,5523917,NA,NA,NA,NA,NA,NA,NA,NA,NA,NA,NA,NA,NA,22,LA,Louisiana,071,Orleans Parish,1,0,1,1,0,349.978
22075,1,1,1,metro,metro,metro,2002,637,27462,0.2302818440026218,0.4993809627849392,plaquemines,Louisiana,38093,15506,884,10219,685,-89.61071603949237,29.4372379556305,-89.61071603949237,29.4372379556305,56,118,1666,0.005832118308685691,0.006924882629107981,0.004875493475442555,0.005832118308685691,0.006924882629107981,0.004875493475442555,9214,21969,373260,NA,NA,NA,NA,NA,NA,NA,NA,NA,NA,NA,NA,NA,22,LA,Louisiana,075,Plaquemines Parish,7,0,7,6,0,1172.743
22087,0,1,1,metro,metro,metro,2002,637,68964,0.0864219012818282,0.5149063279392146,st. bernard,Louisiana,27081,16436,1269,29041,1892,-89.66554926474849,29.869183774780762,-89.66554926474849,29.869183774780762,43,83,1023,0.004478233701312227,0.004870892018779343,0.0029937754053887956,0.004478233701312227,0.004870892018779343,0.0029937754053887956,23067,51459,879099,NA,NA,NA,NA,NA,NA,NA,NA,NA,NA,NA,NA,NA,22,LA,Louisiana,087,St. Bernard Parish,10,0,10,8,0,531.22
22089,0,1,1,metro,metro,metro,2002,637,49117,0.2603579208827901,0.511920516318179,st. charles,Louisiana,42816,20514,1002,22163,1332,-90.35757335431146,29.91314982814965,-90.35757335431146,29.91314982814965,56,111,1583,0.005832118308685691,0.0065140845070422535,0.004632596741672008,0.005832118308685691,0.0065140845070422535,0.004632596741672008,17007,41927,813298,NA,NA,NA,NA,NA,NA,NA,NA,NA,NA,NA,NA,NA,22,LA,Louisiana,089,St. Charles Parish,10,0,9,8,0,409.689
22095,1,1,1,metro,metro,metro,2002,637,43878,0.4585213546652081,0.511463603628242,st. john the baptist,Louisiana,32659,12758,772,18415,1419,-90.50792113802291,30.112644133854058,-90.50792113802291,30.112644133854058,175,408,5951,0.018225369714642784,0.023943661971830985,0.01741540316468106,0.018225369714642784,0.023943661971830985,0.01741540316468106,14526,35493,578117,NA,NA,NA,NA,NA,NA,NA,NA,NA,NA,NA,NA,NA,22,LA,Louisiana,095,St. John the Baptist Parish,9,0,8,7,0,349.357
22103,0,1,1,metro,metro,metro,2002,637,200701,0.10420974484432066,0.5112530580315993,st. tammany,Louisiana,26533,60160,5362,93287,4900,-89.96507421897307,30.40707395540083,-89.96507421897307,30.40707395540083,1917,4237,93794,0.19964590710268695,0.24865023474178405,0.27448501502740635,0.19964590710268695,0.24865023474178405,0.27448501502740635,67491,161575,3648494,NA,NA,NA,NA,NA,NA,NA,NA,NA,NA,NA,NA,NA,22,LA,Louisiana,103,St. Tammany Parish,13,0,12,9,0,1112.279
22109,3,3,3,metro,metro,metro,2002,433,105698,0.17697591250544004,0.5062063615205585,terrebonne,Louisiana,30988,49131,2882,45417,2318,-90.83826892736919,29.44769871397419,-90.83826892736919,29.44769871397419,261,533,9022,0.027181837117267234,0.03127934272300469,0.026402582314191316,0.027181837117267234,0.03127934272300469,0.026402582314191316,32005,76944,1343293,NA,NA,NA,NA,NA,NA,NA,NA,NA,NA,NA,NA,NA,22,LA,Louisiana,109,Terrebonne Parish,11,0,10,8,1,1425.964
22051,0,1,1,metro,metro,metro,2003,659,454533,0.2468687642041392,0.5191944259272704,jefferson,Louisiana,31209,212251,13971,211306,11527,-90.14520392992787,29.871744022448087,-90.14520392992787,29.871744022448087,2801,4952,90748,0.2941917865770402,0.28982792929884116,0.2547977436916865,0.2941917865770402,0.28982792929884116,0.2547977436916865,163548,350711,7175928,NA,NA,NA,NA,NA,NA,NA,NA,NA,NA,NA,NA,NA,22,LA,Louisiana,051,Jefferson Parish,10,0,10,7,1,497.225
22057,3,3,3,metro,metro,metro,2003,445,91899,0.12790128293017333,0.5114092645186563,lafourche,Louisiana,30178,33482,2012,41434,2122,-90.43786512111947,29.57240907169766,-90.43786512111947,29.57240907169766,351,648,9984,0.03686587543325281,0.03792578719419408,0.028032581136970495,0.03686587543325281,0.03792578719419408,0.028032581136970495,33508,79637,1373635,NA,NA,NA,NA,NA,NA,NA,NA,NA,NA,NA,NA,NA,22,LA,Louisiana,057,Lafourche Parish,11,0,10,9,1,1204.53
22071,0,1,1,metro,metro,metro,2003,659,492187,0.6755623370791995,0.5294349505370927,orleans,Louisiana,35469,250777,12726,185357,12383,-89.92944735360277,30.069110849409217,-89.92944735360277,30.069110849409217,3800,5832,133070,0.3991177397332213,0.3413320847477467,0.3736273609672139,0.3991177397332213,0.3413320847477467,0.3736273609672139,149127,314810,5649060,NA,NA,NA,NA,NA,NA,NA,NA,NA,NA,NA,NA,NA,22,LA,Louisiana,071,Orleans Parish,1,0,1,1,0,349.978
22075,1,1,1,metro,metro,metro,2003,659,28169,0.22819411409705706,0.49891724945862476,plaquemines,Louisiana,39427,15468,870,10428,664,-89.61071603949237,29.4372379556305,-89.61071603949237,29.4372379556305,118,320,4095,0.012393656128557924,0.018728783799602012,0.011497738356960554,0.012393656128557924,0.018728783799602012,0.011497738356960554,9432,22672,396877,NA,NA,NA,NA,NA,NA,NA,NA,NA,NA,NA,NA,NA,22,LA,Louisiana,075,Plaquemines Parish,7,0,7,6,0,1172.743
22087,0,1,1,metro,metro,metro,2003,659,69621,0.08995848953620315,0.5147584780454173,st. bernard,Louisiana,28409,17126,1264,28767,1888,-89.66554926474849,29.869183774780762,-89.66554926474849,29.869183774780762,55,105,1339,0.005776704127717676,0.006145382184244411,0.003759577938942657,0.005776704127717676,0.006145382184244411,0.003759577938942657,22982,51262,886976,NA,NA,NA,NA,NA,NA,NA,NA,NA,NA,NA,NA,NA,22,LA,Louisiana,087,St. Bernard Parish,10,0,10,8,0,531.22
22089,0,1,1,metro,metro,metro,2003,659,49338,0.25882686772872837,0.5100936397908306,st. charles,Louisiana,42648,21318,1029,22225,1328,-90.35757335431146,29.91314982814965,-90.35757335431146,29.91314982814965,97,224,4131,0.010188005461611175,0.01311014865972141,0.011598817375483284,0.010188005461611175,0.01311014865972141,0.011598817375483284,17202,42367,837778,NA,NA,NA,NA,NA,NA,NA,NA,NA,NA,NA,NA,NA,22,LA,Louisiana,089,St. Charles Parish,10,0,9,8,0,409.689
22095,1,1,1,metro,metro,metro,2003,659,44316,0.46669374492282695,0.5113051719469266,st. john the baptist,Louisiana,33359,12478,770,18662,1402,-90.50792113802291,30.112644133854058,-90.50792113802291,30.112644133854058,164,374,5150,0.017225081399012708,0.021889266065784854,0.014459915149779451,0.017225081399012708,0.021889266065784854,0.014459915149779451,14601,35638,590499,NA,NA,NA,NA,NA,NA,NA,NA,NA,NA,NA,NA,NA,22,LA,Louisiana,095,St. John the Baptist Parish,9,0,8,7,0,349.357
22103,0,1,1,metro,metro,metro,2003,659,205708,0.1057032298209112,0.5115211853695529,st. tammany,Louisiana,27376,63484,5566,95728,4865,-89.96507421897307,30.40707395540083,-89.96507421897307,30.40707395540083,1848,4073,97860,0.19409725869131395,0.23838230129930937,0.2747664653509548,0.19409725869131395,0.23838230129930937,0.2747664653509548,69204,165613,3847451,NA,NA,NA,NA,NA,NA,NA,NA,NA,NA,NA,NA,NA,22,LA,Louisiana,103,St. Tammany Parish,13,0,12,9,0,1112.279
22109,3,3,3,metro,metro,metro,2003,445,106257,0.17777652295848745,0.5066395625699954,terrebonne,Louisiana,31575,49337,2934,46055,2421,-90.83826892736919,29.44769871397419,-90.83826892736919,29.44769871397419,287,558,9780,0.03014389244827224,0.03265831675055601,0.027459800032008357,0.03014389244827224,0.03265831675055601,0.027459800032008357,32037,76976,1382273,NA,NA,NA,NA,NA,NA,NA,NA,NA,NA,NA,NA,NA,22,LA,Louisiana,109,Terrebonne Parish,11,0,10,8,1,1425.964
22051,0,1,1,metro,metro,metro,2004,661,456602,0.2528328829045865,0.5185369315070893,jefferson,Louisiana,32549,213301,13910,213733,10896,-90.14520392992787,29.871744022448087,-90.14520392992787,29.871744022448087,2642,4639,93562,0.28655097613882863,0.28003138959314255,0.26099133301904953,0.28655097613882863,0.28003138959314255,0.26099133301904953,162615,347901,7436113,1001,880,5,0,866,260,316077.29,789,159,189940.71,661,158,126136.58,22,LA,Louisiana,051,Jefferson Parish,10,0,10,7,1,497.225
22057,3,3,3,metro,metro,metro,2004,446,92580,0.12759775329444806,0.5112875351047742,lafourche,Louisiana,31006,32890,1989,41574,2158,-90.43786512111947,29.57240907169766,-90.43786512111947,29.57240907169766,262,528,7330,0.02841648590021692,0.03187250996015936,0.020447045499557864,0.02841648590021692,0.03187250996015936,0.020447045499557864,30333,71776,1325564,77,70,0,0,68,11,22608.74,64,10,20342.13,51,2,2266.6099999999997,22,LA,Louisiana,057,Lafourche Parish,11,0,10,9,1,1204.53
22071,0,1,1,metro,metro,metro,2004,661,493765,0.6738792745536845,0.5279535811570282,orleans,Louisiana,36877,247260,12496,184460,11655,-89.92944735360277,30.069110849409217,-89.92944735360277,30.069110849409217,3577,5500,127972,0.3879609544468547,0.33200531208499334,0.3569780773082427,0.3879609544468547,0.33200531208499334,0.3569780773082427,147121,309555,5890401,4924,4371,16,0,4536,1380,1448235.07,3998,690,760698.97,3615,896,687536.1,22,LA,Louisiana,071,Orleans Parish,1,0,1,1,0,349.978
22075,1,1,1,metro,metro,metro,2004,661,29390,0.22371554950663491,0.49789043892480433,plaquemines,Louisiana,40764,15260,851,10905,636,-89.61071603949237,29.4372379556305,-89.61071603949237,29.4372379556305,84,221,2814,0.00911062906724512,0.013340577085597006,0.007849657030798885,0.00911062906724512,0.013340577085597006,0.007849657030798885,9397,22656,414210,2056,1797,4,0,1823,999,1949081.74,1776,963,1471549.49,864,181,477532.25,22,LA,Louisiana,075,Plaquemines Parish,7,0,7,6,0,1172.743
22087,0,1,1,metro,metro,metro,2004,661,70547,0.09620536663500928,0.5132890129984266,st. bernard,Louisiana,28712,17386,1268,28929,1653,-89.66554926474849,29.869183774780762,-89.66554926474849,29.869183774780762,77,146,2292,0.008351409978308025,0.008813231920801643,0.006393537283081395,0.008351409978308025,0.008813231920801643,0.006393537283081395,22813,50841,906403,727,636,4,0,618,283,369984.20999999996,597,251,239488.02000000002,415,71,130496.18999999999,22,LA,Louisiana,087,St. Bernard Parish,10,0,10,8,0,531.22
22089,0,1,1,metro,metro,metro,2004,661,49939,0.25737399627545604,0.5099421293978654,st. charles,Louisiana,44799,22643,1034,22707,1257,-90.35757335431146,29.91314982814965,-90.35757335431146,29.91314982814965,68,151,3978,0.00737527114967462,0.009115054931788,0.011096636698122945,0.00737527114967462,0.009115054931788,0.011096636698122945,17244,42304,863446,354,311,2,0,263,57,42959.229999999996,231,47,35124.51,159,13,7834.72,22,LA,Louisiana,089,St. Charles Parish,10,0,9,8,0,409.689
22095,1,1,1,metro,metro,metro,2004,661,44822,0.47655169336486547,0.5114229619383338,st. john the baptist,Louisiana,33569,12698,775,19108,1412,-90.50792113802291,30.112644133854058,-90.50792113802291,30.112644133854058,148,332,5342,0.016052060737527116,0.020041047929494144,0.014901516651928801,0.016052060737527116,0.020041047929494144,0.014901516651928801,15190,36861,630388,NA,NA,NA,NA,NA,NA,NA,NA,NA,NA,NA,NA,NA,22,LA,Louisiana,095,St. John the Baptist Parish,9,0,8,7,0,349.357
22103,0,1,1,metro,metro,metro,2004,661,211405,0.10842695300489581,0.510219720441806,st. tammany,Louisiana,28561,66608,5815,99467,4496,-89.96507421897307,30.40707395540083,-89.96507421897307,30.40707395540083,2013,4329,103471,0.2183297180043384,0.2613183629119884,0.2886325027127901,0.2183297180043384,0.2613183629119884,0.2886325027127901,70825,168335,4108127,84,75,1,0,69,31,70002.12,64,25,37149.32,47,15,32852.799999999996,22,LA,Louisiana,103,St. Tammany Parish,13,0,12,9,0,1112.279
22109,3,3,3,metro,metro,metro,2004,446,106783,0.17818379330043171,0.5065038442448705,terrebonne,Louisiana,32147,49067,2978,46114,2478,-90.83826892736919,29.44769871397419,-90.83826892736919,29.44769871397419,349,720,11726,0.037852494577006505,0.0434625135820355,0.03270969379642776,0.037852494577006505,0.0434625135820355,0.03270969379642776,36105,86560,1604053,122,106,0,0,117,22,33074.37,116,21,25651.64,78,4,7422.7300000000005,22,LA,Louisiana,109,Terrebonne Parish,11,0,10,8,1,1425.964
22051,0,1,1,metro,metro,metro,2005,676,456554,0.25791472640695295,0.5178292162591939,jefferson,Louisiana,35203,198682,14216,NA,NA,-90.14520392992787,29.871744022448087,-90.14520392992787,29.871744022448087,1544,2781,54936,0.2891385767790262,0.2833418237391747,0.2623157472532195,0.2891385767790262,0.2833418237391747,0.2623157472532195,126621,266819,5305746,299976,8664,7031,0,285083,214143,1175459204.22,280799,211181,985414899,143294,45451,190044305.22,22,LA,Louisiana,051,Jefferson Parish,10,0,10,7,1,497.225
22057,3,3,3,metro,metro,metro,2005,505,92656,0.12689949922293214,0.5100155413572786,lafourche,Louisiana,33460,33378,2010,42664,2707,-90.43786512111947,29.57240907169766,-90.43786512111947,29.57240907169766,339,668,10823,0.06348314606741573,0.06805909322465614,0.051679105368457746,0.06348314606741573,0.06805909322465614,0.051679105368457746,30362,71146,1482845,24245,5142,3105,0,21957,10515,24055518.89,20088,7209,17726588.42,14225,5228,6328930.47,22,LA,Louisiana,057,Lafourche Parish,11,0,10,9,1,1204.53
22071,0,1,1,metro,metro,metro,2005,676,494294,0.6730164638858654,0.5274634124630281,orleans,Louisiana,39867,212453,12734,NA,NA,-89.92944735360277,30.069110849409217,-89.92944735360277,30.069110849409217,1269,1807,45761,0.23764044943820226,0.18410596026490067,0.2185057323076776,0.23764044943820226,0.18410596026490067,0.2185057323076776,56720,115886,2255372,366380,1748,1734,0,349786,277906,2887237909.6,344859,275667,1889834153.25,222615,115240,997403756.35,22,LA,Louisiana,071,Orleans Parish,1,0,1,1,0,349.978
22075,1,1,1,metro,metro,metro,2005,676,29558,0.22088774612626022,0.49928953244468505,plaquemines,Louisiana,43994,14621,867,NA,NA,-89.61071603949237,29.4372379556305,-89.61071603949237,29.4372379556305,26,73,1051,0.0048689138576779025,0.007437595517065716,0.0050184551180124815,0.0048689138576779025,0.007437595517065716,0.0050184551180124815,6236,14650,276794,20683,5370,2304,0,19537,14576,134834572.94,19296,14405,91778482.18,10976,5137,43056090.76,22,LA,Louisiana,075,Plaquemines Parish,7,0,7,6,0,1172.743
22087,0,1,1,metro,metro,metro,2005,676,71300,0.10300140252454418,0.5118793828892005,st. bernard,Louisiana,31653,13985,1261,NA,NA,-89.66554926474849,29.869183774780762,-89.66554926474849,29.869183774780762,0,0,0,0,0,0,0,0,0,3706,8504,122382,42213,188,138,0,40904,34078,368432961.9,40581,33811,239725394.72,25191,13941,128707567.18,22,LA,Louisiana,087,St. Bernard Parish,10,0,10,8,0,531.22
22089,0,1,1,metro,metro,metro,2005,676,50670,0.2594829287546872,0.5098677718571146,st. charles,Louisiana,47015,22522,1059,NA,NA,-90.35757335431146,29.91314982814965,-90.35757335431146,29.91314982814965,88,156,3340,0.01647940074906367,0.015894039735099338,0.015948277920229962,0.01647940074906367,0.015894039735099338,0.015948277920229962,16185,38904,813929,23230,4275,4599,0,21326,13017,34150362.65,20239,11254,28563602.33,12386,4614,5586760.32,22,LA,Louisiana,089,St. Charles Parish,10,0,9,8,0,409.689
22095,1,1,1,metro,metro,metro,2005,676,45296,0.48348640056517134,0.5118332744613211,st. john the baptist,Louisiana,36702,13008,806,NA,NA,-90.50792113802291,30.112644133854058,-90.50792113802291,30.112644133854058,160,341,5328,0.0299625468164794,0.034742740703005606,0.025440845736223124,0.0299625468164794,0.034742740703005606,0.025440845736223124,15507,37009,650644,19425,1519,1343,0,17652,9087,24745657.04,16811,7715,20311802.41,10203,3106,4433854.63,22,LA,Louisiana,095,St. John the Baptist Parish,9,0,8,7,0,349.357
22103,0,1,1,metro,metro,metro,2005,676,217358,0.11165910617506603,0.5107564478878164,st. tammany,Louisiana,31349,65821,6255,NA,NA,-89.96507421897307,30.40707395540083,-89.96507421897307,30.40707395540083,1544,3251,75323,0.2891385767790262,0.33122771268466633,0.3596623167022399,0.2891385767790262,0.33122771268466633,0.3596623167022399,58723,137221,3194156,113475,3769,1043,0,106757,78139,408377112.02,103233,69183,319716010.78,68771,33509,88661101.24,22,LA,Louisiana,103,St. Tammany Parish,13,0,12,9,0,1112.279
22109,3,3,3,metro,metro,metro,2005,505,107811,0.1781450872359963,0.5049763011195518,terrebonne,Louisiana,33851,50568,3032,47669,3334,-90.83826892736919,29.44769871397419,-90.83826892736919,29.44769871397419,370,738,12865,0.06928838951310862,0.07519103413143148,0.061429519593939656,0.06928838951310862,0.07519103413143148,0.061429519593939656,36061,85550,1683539,36091,7349,6177,0,32433,16403,53589195.02,30254,13512,38767868.99,20232,6349,14821326.03,22,LA,Louisiana,109,Terrebonne Parish,11,0,10,8,1,1425.964
22051,0,1,1,metro,metro,metro,2006,940,426285,0.25757884983051244,0.5168725148668144,jefferson,Louisiana,39601,190405,14304,NA,NA,-90.14520392992787,29.871744022448087,-90.14520392992787,29.871744022448087,6812,13994,179757,0.28777829411516204,0.2835548711298428,0.2912034862058352,0.28777829411516204,0.2835548711298428,0.2912034862058352,125386,264016,5617424,NA,NA,NA,NA,NA,NA,NA,NA,NA,NA,NA,NA,NA,22,LA,Louisiana,051,Jefferson Parish,10,0,10,7,1,497.225
22057,3,3,3,metro,metro,metro,2006,520,94385,0.1323515389097844,0.510038671399057,lafourche,Louisiana,38245,34804,2044,45416,1518,-90.43786512111947,29.57240907169766,-90.43786512111947,29.57240907169766,413,742,12648,0.01744750961091631,0.015034851677743556,0.020489559202319818,0.01744750961091631,0.015034851677743556,0.020489559202319818,30337,70525,1649864,NA,NA,NA,NA,NA,NA,NA,NA,NA,NA,NA,NA,NA,22,LA,Louisiana,057,Lafourche Parish,11,0,10,9,1,1204.53
22071,0,1,1,metro,metro,metro,2006,940,230172,0.5875823297360235,0.5113176233425438,orleans,Louisiana,47796,151931,11639,NA,NA,-89.92944735360277,30.069110849409217,-89.92944735360277,30.069110849409217,12165,25593,268405,0.5139199864813485,0.5185808072621171,0.43481183884397934,0.5139199864813485,0.5185808072621171,0.43481183884397934,61525,126144,2399781,NA,NA,NA,NA,NA,NA,NA,NA,NA,NA,NA,NA,NA,22,LA,Louisiana,071,Orleans Parish,1,0,1,1,0,349.978
22075,1,1,1,metro,metro,metro,2006,940,22329,0.21013032379416902,0.4986788481347127,plaquemines,Louisiana,50015,13981,840,NA,NA,-89.61071603949237,29.4372379556305,-89.61071603949237,29.4372379556305,242,594,6686,0.010223480207849267,0.012035986383530557,0.01083121385410423,0.010223480207849267,0.012035986383530557,0.01083121385410423,5929,13944,281857,NA,NA,NA,NA,NA,NA,NA,NA,NA,NA,NA,NA,NA,22,LA,Louisiana,075,Plaquemines Parish,7,0,7,6,0,1172.743
22087,0,1,1,metro,metro,metro,2006,940,16563,0.13155829257984664,0.4971925375837711,st. bernard,Louisiana,48143,7705,993,NA,NA,-89.66554926474849,29.869183774780762,-89.66554926474849,29.869183774780762,616,1416,6597,0.0260234041654345,0.028691846328416273,0.010687035267054383,0.0260234041654345,0.028691846328416273,0.010687035267054383,4617,10488,46198,NA,NA,NA,NA,NA,NA,NA,NA,NA,NA,NA,NA,NA,22,LA,Louisiana,087,St. Bernard Parish,10,0,10,8,0,531.22
22089,0,1,1,metro,metro,metro,2006,940,52453,0.26709625760204375,0.5100566221188493,st. charles,Louisiana,49521,22952,1141,NA,NA,-90.35757335431146,29.91314982814965,-90.35757335431146,29.91314982814965,171,360,5305,0.007224029403067044,0.0072945372021397305,0.008594015778645369,0.007224029403067044,0.0072945372021397305,0.008594015778645369,16396,39251,878752,NA,NA,NA,NA,NA,NA,NA,NA,NA,NA,NA,NA,NA,22,LA,Louisiana,089,St. Charles Parish,10,0,9,8,0,409.689
22095,1,1,1,metro,metro,metro,2006,940,47296,0.5069773342354533,0.5141449594046008,st. john the baptist,Louisiana,39576,14336,864,NA,NA,-90.50792113802291,30.112644133854058,-90.50792113802291,30.112644133854058,271,610,7048,0.011448608001351866,0.012360188036958989,0.011417648107048551,0.011448608001351866,0.012360188036958989,0.011417648107048551,15103,35814,659225,NA,NA,NA,NA,NA,NA,NA,NA,NA,NA,NA,NA,NA,22,LA,Louisiana,095,St. John the Baptist Parish,9,0,8,7,0,349.357
22103,0,1,1,metro,metro,metro,2006,940,223133,0.11218869463503829,0.5120488677156674,st. tammany,Louisiana,34589,69727,6688,NA,NA,-89.96507421897307,30.40707395540083,-89.96507421897307,30.40707395540083,2445,5035,110059,0.10329094672806388,0.10202220781325985,0.17829383272043933,0.10329094672806388,0.10202220781325985,0.17829383272043933,57874,135265,3377319,NA,NA,NA,NA,NA,NA,NA,NA,NA,NA,NA,NA,NA,22,LA,Louisiana,103,St. Tammany Parish,13,0,12,9,0,1112.279
22109,3,3,3,metro,metro,metro,2006,520,109994,0.18726475989599434,0.5061276069603796,terrebonne,Louisiana,38526,54476,3114,50862,1807,-90.83826892736919,29.44769871397419,-90.83826892736919,29.44769871397419,536,1008,20785,0.02264374128680664,0.020424704165991247,0.0336713700205738,0.02264374128680664,0.020424704165991247,0.0336713700205738,36408,85452,1949074,NA,NA,NA,NA,NA,NA,NA,NA,NA,NA,NA,NA,NA,22,LA,Louisiana,109,Terrebonne Parish,11,0,10,8,1,1425.964
22051,0,1,1,metro,metro,metro,2007,978,432683,0.2667772942315737,0.51657911219068,jefferson,Louisiana,40612,198071,13752,213445,7963,-90.14520392992787,29.871744022448087,-90.14520392992787,29.871744022448087,4869,9380,154528,0.2755673778934858,0.273325951395769,0.2642520627591809,0.2755673778934858,0.273325951395769,0.2642520627591809,153271,316282,8067300,303,235,68,0,263,76,206375.72,252,62,175820.14,169,29,30555.579999999998,22,LA,Louisiana,051,Jefferson Parish,10,0,10,7,1,497.225
22057,3,3,3,metro,metro,metro,2007,541,94745,0.13172199060636444,0.5101060741991662,lafourche,Louisiana,43094,36927,2072,47397,1427,-90.43786512111947,29.57240907169766,-90.43786512111947,29.57240907169766,392,686,11941,0.022185749052012,0.01998950987819803,0.02041981958873071,0.022185749052012,0.01998950987819803,0.02041981958873071,31852,72524,1813059,NA,NA,NA,NA,NA,NA,NA,NA,NA,NA,NA,NA,NA,22,LA,Louisiana,057,Lafourche Parish,11,0,10,9,1,1204.53
22071,0,1,1,metro,metro,metro,2007,978,268751,0.6046340292687283,0.5130957652250596,orleans,Louisiana,48163,165383,10176,102197,5458,-89.92944735360277,30.069110849409217,-89.92944735360277,30.069110849409217,8822,16660,265904,0.4992925462674741,0.48545952561338074,0.4547116412295327,0.4992925462674741,0.48545952561338074,0.4547116412295327,86675,172115,4237048,919,711,208,0,810,155,443135.58,771,98,335176.16000000003,454,82,107959.42000000001,22,LA,Louisiana,071,Orleans Parish,1,0,1,1,0,349.978
22075,1,1,1,metro,metro,metro,2007,978,22709,0.2160376943062222,0.500110088511163,plaquemines,Louisiana,51452,14456,803,8662,353,-89.61071603949237,29.4372379556305,-89.61071603949237,29.4372379556305,144,377,4433,0.008149866998698286,0.010985488664840608,0.007580693429096661,0.008149866998698286,0.010985488664840608,0.007580693429096661,7149,16585,392108,NA,NA,NA,NA,NA,NA,NA,NA,NA,NA,NA,NA,NA,22,LA,Louisiana,075,Plaquemines Parish,7,0,7,6,0,1172.743
22087,0,1,1,metro,metro,metro,2007,978,23613,0.1465718036674713,0.4906619235167069,st. bernard,Louisiana,45170,8891,773,9336,421,-89.66554926474849,29.869183774780762,-89.66554926474849,29.869183774780762,357,791,8599,0.0202048786009395,0.023049128737105892,0.014704800991834466,0.0202048786009395,0.023049128737105892,0.014704800991834466,7714,16889,282850,NA,NA,NA,NA,NA,NA,NA,NA,NA,NA,NA,NA,NA,22,LA,Louisiana,087,St. Bernard Parish,10,0,10,8,0,531.22
22089,0,1,1,metro,metro,metro,2007,978,52765,0.2720363877570359,0.5085189045768975,st. charles,Louisiana,51956,23930,1160,25275,998,-90.35757335431146,29.91314982814965,-90.35757335431146,29.91314982814965,153,353,5051,0.008659233686116928,0.010286147211375954,0.008637510153477834,0.008659233686116928,0.010286147211375954,0.008637510153477834,18666,43683,1083999,NA,NA,NA,NA,NA,NA,NA,NA,NA,NA,NA,NA,NA,22,LA,Louisiana,089,St. Charles Parish,10,0,9,8,0,409.689
22095,1,1,1,metro,metro,metro,2007,978,47386,0.5226016122905499,0.5123665217574811,st. john the baptist,Louisiana,41141,14812,842,21380,1125,-90.50792113802291,30.112644133854058,-90.50792113802291,30.112644133854058,242,518,7049,0.013696304261701285,0.015094119703945452,0.01205420888375871,0.013696304261701285,0.015094119703945452,0.01205420888375871,16735,38601,754157,NA,NA,NA,NA,NA,NA,NA,NA,NA,NA,NA,NA,NA,22,LA,Louisiana,095,St. John the Baptist Parish,9,0,8,7,0,349.357
22103,0,1,1,metro,metro,metro,2007,978,226294,0.11439543249047698,0.5125367884256763,st. tammany,Louisiana,35266,75194,6907,112699,3736,-89.96507421897307,30.40707395540083,-89.96507421897307,30.40707395540083,2234,4682,110876,0.12643613107702756,0.13642986188006295,0.18960454875806934,0.12643613107702756,0.13642986188006295,0.18960454875806934,72749,166966,4800215,NA,NA,NA,NA,NA,NA,NA,NA,NA,NA,NA,NA,NA,22,LA,Louisiana,103,St. Tammany Parish,13,0,12,9,0,1112.279
22109,3,3,3,metro,metro,metro,2007,541,110656,0.18888266338924234,0.5055848756506651,terrebonne,Louisiana,40650,57676,3166,53108,1651,-90.83826892736919,29.44769871397419,-90.83826892736919,29.44769871397419,456,871,16394,0.02580791216254457,0.025380266915321404,0.02803471420631867,0.02580791216254457,0.025380266915321404,0.02803471420631867,38938,89932,2195666,NA,NA,NA,NA,NA,NA,NA,NA,NA,NA,NA,NA,NA,22,LA,Louisiana,109,Terrebonne Parish,11,0,10,8,1,1425.964
22051,0,1,1,metro,metro,metro,2008,990,431759,0.2684066805787488,0.516260228507107,jefferson,Louisiana,42007,199044,14040,207481,9669,-90.14520392992787,29.871744022448087,-90.14520392992787,29.871744022448087,4232,8054,145489,0.279155672823219,0.2855927094783873,0.27775253528010263,0.279155672823219,0.2855927094783873,0.27775253528010263,157930,324258,8176262,71783,6962,3774,0,56389,4977,14238891.450000001,52848,2649,10629273.04,24138,3762,3609618.41,22,LA,Louisiana,051,Jefferson Parish,10,0,10,7,1,497.225
22057,3,3,3,metro,metro,metro,2008,584,95603,0.132391242952627,0.509262261644509,lafourche,Louisiana,45119,38335,2154,48386,1762,-90.43786512111947,29.57240907169766,-90.43786512111947,29.57240907169766,543,971,15601,0.03581794195250659,0.03443140314173256,0.029783813916549575,0.03581794195250659,0.03443140314173256,0.029783813916549575,33172,74955,1902796,17108,3113,4454,0,15775,3941,14273378.24,15010,2470,11583269.84,9825,3113,2690108.4,22,LA,Louisiana,057,Lafourche Parish,11,0,10,9,1,1204.53
22071,0,1,1,metro,metro,metro,2008,990,301842,0.6123601089311627,0.515213257267047,orleans,Louisiana,49948,172044,10712,125795,8082,-89.92944735360277,30.069110849409217,-89.92944735360277,30.069110849409217,7056,12335,224796,0.46543535620052773,0.43739583702705576,0.42915724845745007,0.46543535620052773,0.43739583702705576,0.42915724845745007,99099,194585,4706355,60239,2503,2613,0,46576,4085,7882860.13,43406,1665,5178587.82,22573,3581,2704272.31,22,LA,Louisiana,071,Orleans Parish,1,0,1,1,0,349.978
22075,1,1,1,metro,metro,metro,2008,990,22677,0.20968382061119195,0.4999779512281166,plaquemines,Louisiana,54597,14489,821,8076,401,-89.61071603949237,29.4372379556305,-89.61071603949237,29.4372379556305,137,325,4694,0.00903693931398417,0.011524414027871351,0.00896129879650559,0.00903693931398417,0.011524414027871351,0.00896129879650559,7474,17160,419462,3751,1427,1161,0,3118,361,1278079.49,2955,232,1034914.93,1485,275,243164.56,22,LA,Louisiana,075,Plaquemines Parish,7,0,7,6,0,1172.743
22087,0,1,1,metro,metro,metro,2008,990,28879,0.15689601440493092,0.492191557879428,st. bernard,Louisiana,45983,9608,800,16765,791,-89.66554926474849,29.869183774780762,-89.66554926474849,29.869183774780762,239,516,5877,0.015765171503957783,0.01829722350271267,0.011219759912028835,0.015765171503957783,0.01829722350271267,0.011219759912028835,9230,20120,322706,5874,2243,2074,0,4688,357,835647.4,4347,184,617856.19,2081,291,217791.21,22,LA,Louisiana,087,St. Bernard Parish,10,0,10,8,0,531.22
22089,0,1,1,metro,metro,metro,2008,990,52516,0.27281209536141365,0.5088734861756417,st. charles,Louisiana,55950,24336,1170,23627,1167,-90.35757335431146,29.91314982814965,-90.35757335431146,29.91314982814965,117,257,4250,0.007717678100263852,0.009113152015885962,0.008113659967010814,0.007717678100263852,0.009113152015885962,0.008113659967010814,18782,43490,1133777,7726,2704,3942,0,6593,852,2492056.7,6146,465,1953051.11,3328,724,539005.59,22,LA,Louisiana,089,St. Charles Parish,10,0,9,8,0,409.689
22095,1,1,1,metro,metro,metro,2008,990,46811,0.5292132191151653,0.5121232189015402,st. john the baptist,Louisiana,46223,15276,876,19887,1289,-90.50792113802291,30.112644133854058,-90.50792113802291,30.112644133854058,287,634,9963,0.018931398416886545,0.02248147228821673,0.01902032805913617,0.018931398416886545,0.02248147228821673,0.01902032805913617,16670,38173,787287,9411,1496,1715,0,8408,1461,4763302.9799999995,7912,804,3829963.2800000003,4715,1257,933339.7,22,LA,Louisiana,095,St. John the Baptist Parish,9,0,8,7,0,349.357
22103,0,1,1,metro,metro,metro,2008,990,229252,0.11525744595466997,0.5128679357213896,st. tammany,Louisiana,36511,74727,7212,107230,4465,-89.96507421897307,30.40707395540083,-89.96507421897307,30.40707395540083,2066,4149,95020,0.1362796833773087,0.1471224424665792,0.18140234589773352,0.1362796833773087,0.1471224424665792,0.18140234589773352,76319,173865,4997227,17672,5284,4444,0,13208,1308,3482067.94,11289,694,2649752,6773,1050,832315.9400000001,22,LA,Louisiana,103,St. Tammany Parish,13,0,12,9,0,1112.279
22109,3,3,3,metro,metro,metro,2008,584,111453,0.1903582676105623,0.5056391483405561,terrebonne,Louisiana,43831,57799,3257,54376,2122,-90.83826892736919,29.44769871397419,-90.83826892736919,29.44769871397419,483,960,18118,0.03186015831134564,0.03404134605155845,0.034589009713482805,0.03186015831134564,0.03404134605155845,0.034589009713482805,38942,89255,2265974,30931,5598,6235,0,28837,8157,32310353.93,27920,5482,25501533.18,18203,6071,6808820.75,22,LA,Louisiana,109,Terrebonne Parish,11,0,10,8,1,1425.964
22051,0,1,1,metro,metro,metro,2009,949,431921,0.26848196776725375,0.5154530573878093,jefferson,Louisiana,42390,194553,13978,197827,13324,-90.14520392992787,29.871744022448087,-90.14520392992787,29.871744022448087,3562,6790,113943,0.27009402487109496,0.2828459551778722,0.24825697428165552,0.27009402487109496,0.2828459551778722,0.24825697428165552,156354,324192,7872041,NA,NA,NA,NA,NA,NA,NA,NA,NA,NA,NA,NA,NA,22,LA,Louisiana,051,Jefferson Parish,10,0,10,7,1,497.225
22057,3,3,3,metro,metro,metro,2009,624,96080,0.1333368026644463,0.5093776019983347,lafourche,Louisiana,44832,37386,2160,46247,2212,-90.43786512111947,29.57240907169766,-90.43786512111947,29.57240907169766,323,705,11773,0.024491962390051563,0.02936765808547863,0.025650802227586866,0.024491962390051563,0.02936765808547863,0.025650802227586866,32417,73895,1857466,NA,NA,NA,NA,NA,NA,NA,NA,NA,NA,NA,NA,NA,22,LA,Louisiana,057,Lafourche Parish,11,0,10,9,1,1204.53
22071,0,1,1,metro,metro,metro,2009,949,327803,0.6116722543722907,0.5157792942712544,orleans,Louisiana,49514,168522,10654,134275,11556,-89.92944735360277,30.069110849409217,-89.92944735360277,30.069110849409217,6152,10151,200999,0.4664846830451926,0.4228526201782888,0.4379330329519012,0.4664846830451926,0.4228526201782888,0.4379330329519012,104143,206325,4739722,NA,NA,NA,NA,NA,NA,NA,NA,NA,NA,NA,NA,NA,22,LA,Louisiana,071,Orleans Parish,1,0,1,1,0,349.978
22075,1,1,1,metro,metro,metro,2009,949,22730,0.21201055873295205,0.4987241531016278,plaquemines,Louisiana,54370,14403,831,7456,518,-89.61071603949237,29.4372379556305,-89.61071603949237,29.4372379556305,70,186,2278,0.005307855626326964,0.007748062984253936,0.00496326573298589,0.005307855626326964,0.007748062984253936,0.00496326573298589,7370,17166,418587,NA,NA,NA,NA,NA,NA,NA,NA,NA,NA,NA,NA,NA,22,LA,Louisiana,075,Plaquemines Parish,7,0,7,6,0,1172.743
22087,0,1,1,metro,metro,metro,2009,949,32878,0.16856256463288521,0.4962893120019466,st. bernard,Louisiana,44755,9845,784,16950,1126,-89.66554926474849,29.869183774780762,-89.66554926474849,29.869183774780762,217,450,6873,0.016454352441613588,0.018745313671582105,0.014974769702726964,0.016454352441613588,0.018745313671582105,0.014974769702726964,10279,22685,373460,NA,NA,NA,NA,NA,NA,NA,NA,NA,NA,NA,NA,NA,22,LA,Louisiana,087,St. Bernard Parish,10,0,10,8,0,531.22
22089,0,1,1,metro,metro,metro,2009,949,52719,0.27111667520248867,0.5061173390997553,st. charles,Louisiana,56122,24010,1147,22192,1548,-90.35757335431146,29.91314982814965,-90.35757335431146,29.91314982814965,117,221,4491,0.008871701546860783,0.009206031825376989,0.009784910626356292,0.008871701546860783,0.009206031825376989,0.009784910626356292,18526,43128,1083448,NA,NA,NA,NA,NA,NA,NA,NA,NA,NA,NA,NA,NA,22,LA,Louisiana,089,St. Charles Parish,10,0,9,8,0,409.689
22095,1,1,1,metro,metro,metro,2009,949,46336,0.5343361533149171,0.5137689917127072,st. john the baptist,Louisiana,44696,15306,891,18691,1764,-90.50792113802291,30.112644133854058,-90.50792113802291,30.112644133854058,211,450,6766,0.01599939338792842,0.018745313671582105,0.014741640012898391,0.01599939338792842,0.018745313671582105,0.014741640012898391,16466,37817,754246,NA,NA,NA,NA,NA,NA,NA,NA,NA,NA,NA,NA,NA,22,LA,Louisiana,095,St. John the Baptist Parish,9,0,8,7,0,349.357
22103,0,1,1,metro,metro,metro,2009,949,231224,0.1154075701484275,0.5130479534996367,st. tammany,Louisiana,37183,75088,7269,101926,5851,-89.96507421897307,30.40707395540083,-89.96507421897307,30.40707395540083,2149,4238,97137,0.16295116772823778,0.1765391985336999,0.211640361503534,0.16295116772823778,0.1765391985336999,0.211640361503534,77148,176358,4909442,NA,NA,NA,NA,NA,NA,NA,NA,NA,NA,NA,NA,NA,22,LA,Louisiana,103,St. Tammany Parish,13,0,12,9,0,1112.279
22109,3,3,3,metro,metro,metro,2009,624,111689,0.18948150668373787,0.5037291049252836,terrebonne,Louisiana,43877,54917,3331,51695,2621,-90.83826892736919,29.44769871397419,-90.83826892736919,29.44769871397419,387,815,14712,0.029344858962693357,0.033949845871865364,0.03205424296035488,0.029344858962693357,0.033949845871865364,0.03205424296035488,38452,88834,2087597,NA,NA,NA,NA,NA,NA,NA,NA,NA,NA,NA,NA,NA,22,LA,Louisiana,109,Terrebonne Parish,11,0,10,8,1,1425.964
22051,0,1,1,metro,metro,metro,2010,982,432449,0.26774717943618787,0.5143542938011187,jefferson,Louisiana,43429,192851,14303,200303,15955,-90.14520392992787,29.871744022448087,-90.14520392992787,29.871744022448087,3550,6807,121245,0.27330818384787126,0.2886034088018316,0.2426088783503917,0.27330818384787126,0.2886034088018316,0.2426088783503917,156220,324355,7424447,NA,NA,NA,NA,NA,NA,NA,NA,NA,NA,NA,NA,NA,22,LA,Louisiana,051,Jefferson Parish,10,0,10,7,1,497.225
22057,3,3,3,metro,metro,metro,2010,663,96328,0.13336724524541152,0.5086579187775102,lafourche,Louisiana,47061,36784,2198,42305,2765,-90.43786512111947,29.57240907169766,-90.43786512111947,29.57240907169766,272,606,9991,0.020940796058203096,0.02569320783515645,0.019991795980030216,0.020940796058203096,0.02569320783515645,0.019991795980030216,32669,75130,1890239,NA,NA,NA,NA,NA,NA,NA,NA,NA,NA,NA,NA,NA,22,LA,Louisiana,057,Lafourche Parish,11,0,10,9,1,1204.53
22071,0,1,1,metro,metro,metro,2010,982,347858,0.6083258111068309,0.5164233681559717,orleans,Louisiana,49804,170343,11129,148465,14127,-89.92944735360277,30.069110849409217,-89.92944735360277,30.069110849409217,6185,9994,240638,0.47617214566171373,0.423725939116425,0.481511940851017,0.47617214566171373,0.423725939116425,0.481511940851017,108719,213766,5315432,NA,NA,NA,NA,NA,NA,NA,NA,NA,NA,NA,NA,NA,22,LA,Louisiana,071,Orleans Parish,1,0,1,1,0,349.978
22075,1,1,1,metro,metro,metro,2010,982,23106,0.2082575954297585,0.49909114515710207,plaquemines,Louisiana,57069,14437,847,9420,608,-89.61071603949237,29.4372379556305,-89.61071603949237,29.4372379556305,68,180,2759,0.005235199014550774,0.007631645891630628,0.005520705145521306,0.005235199014550774,0.007631645891630628,0.005520705145521306,7504,17368,493204,NA,NA,NA,NA,NA,NA,NA,NA,NA,NA,NA,NA,NA,22,LA,Louisiana,075,Plaquemines Parish,7,0,7,6,0,1172.743
22087,0,1,1,metro,metro,metro,2010,982,36762,0.180131657690006,0.494205973559654,st. bernard,Louisiana,45453,10721,817,14621,1330,-89.66554926474849,29.869183774780762,-89.66554926474849,29.869183774780762,165,331,4289,0.012703056432365849,0.0140337488340541,0.008582205280587488,0.012703056432365849,0.0140337488340541,0.008582205280587488,11128,24378,449830,NA,NA,NA,NA,NA,NA,NA,NA,NA,NA,NA,NA,NA,22,LA,Louisiana,087,St. Bernard Parish,10,0,10,8,0,531.22
22089,0,1,1,metro,metro,metro,2010,982,52771,0.26825339675200394,0.5054670178696633,st. charles,Louisiana,56897,23100,1194,23594,1887,-90.35757335431146,29.91314982814965,-90.35757335431146,29.91314982814965,81,167,3706,0.006236045884979598,0.0070804714661239715,0.007415633660493642,0.006236045884979598,0.0070804714661239715,0.007415633660493642,18479,43025,1158476,NA,NA,NA,NA,NA,NA,NA,NA,NA,NA,NA,NA,NA,22,LA,Louisiana,089,St. Charles Parish,10,0,9,8,0,409.689
22095,1,1,1,metro,metro,metro,2010,982,45813,0.5373802195883265,0.513129461070002,st. john the baptist,Louisiana,46427,15214,916,19252,2283,-90.50792113802291,30.112644133854058,-90.50792113802291,30.112644133854058,235,488,7137,0.018092231888521056,0.02069023997286526,0.014280997688867545,0.018092231888521056,0.02069023997286526,0.014280997688867545,15990,36674,754681,NA,NA,NA,NA,NA,NA,NA,NA,NA,NA,NA,NA,NA,22,LA,Louisiana,095,St. John the Baptist Parish,9,0,8,7,0,349.357
22103,0,1,1,metro,metro,metro,2010,982,234568,0.11623495105896797,0.5122864158794038,st. tammany,Louisiana,39199,74988,7486,101906,6849,-89.96507421897307,30.40707395540083,-89.96507421897307,30.40707395540083,2098,4333,97690,0.16152128724305181,0.18371067582464173,0.19547578313373554,0.16152128724305181,0.18371067582464173,0.19547578313373554,77537,177111,5145880,NA,NA,NA,NA,NA,NA,NA,NA,NA,NA,NA,NA,NA,22,LA,Louisiana,103,St. Tammany Parish,13,0,12,9,0,1112.279
22109,3,3,3,metro,metro,metro,2010,663,111861,0.1902271569179607,0.5031691116653704,terrebonne,Louisiana,44830,54010,3375,47617,3293,-90.83826892736919,29.44769871397419,-90.83826892736919,29.44769871397419,335,680,12300,0.02579105396874278,0.028830662257271263,0.024612059909355583,0.02579105396874278,0.028830662257271263,0.024612059909355583,37963,87518,2186201,NA,NA,NA,NA,NA,NA,NA,NA,NA,NA,NA,NA,NA,22,LA,Louisiana,109,Terrebonne Parish,11,0,10,8,1,1425.964
22051,0,1,1,metro,metro,metro,2011,994,NA,NA,NA,NA,NA,44561,192118,13703,197665,15362,-90.14520392992787,29.871744022448087,-90.14520392992787,29.871744022448087,3767,7227,140958,0.26930225907921074,0.28577642453240537,0.24950747417890237,0.26930225907921074,0.28577642453240537,0.24950747417890237,160752,335083,8783193,NA,NA,NA,NA,NA,NA,NA,NA,NA,NA,NA,NA,NA,22,LA,Louisiana,051,Jefferson Parish,10,0,10,7,1,497.225
22057,3,3,3,metro,metro,metro,2011,683,NA,NA,NA,NA,NA,47022,37013,2120,41664,2717,-90.43786512111947,29.57240907169766,-90.43786512111947,29.57240907169766,298,662,11540,0.02130397483557335,0.02617738937878129,0.020426767207427272,0.02130397483557335,0.02617738937878129,0.020426767207427272,32926,76726,2013808,NA,NA,NA,NA,NA,NA,NA,NA,NA,NA,NA,NA,NA,22,LA,Louisiana,057,Lafourche Parish,11,0,10,9,1,1204.53
22071,0,1,1,metro,metro,metro,2011,994,NA,NA,NA,NA,NA,49999,173865,10923,151413,14313,-89.92944735360277,30.069110849409217,-89.92944735360277,30.069110849409217,6382,10032,255404,0.45624821275378896,0.39669421487603307,0.4520864862951261,0.45624821275378896,0.39669421487603307,0.4520864862951261,118840,231666,6347747,NA,NA,NA,NA,NA,NA,NA,NA,NA,NA,NA,NA,NA,22,LA,Louisiana,071,Orleans Parish,1,0,1,1,0,349.978
22075,1,1,1,metro,metro,metro,2011,994,NA,NA,NA,NA,NA,57446,14574,831,9448,638,-89.61071603949237,29.4372379556305,-89.61071603949237,29.4372379556305,53,124,1831,0.003788961967400629,0.004903317647989245,0.0032410234624609476,0.003788961967400629,0.004903317647989245,0.0032410234624609476,7713,17931,461193,NA,NA,NA,NA,NA,NA,NA,NA,NA,NA,NA,NA,NA,22,LA,Louisiana,075,Plaquemines Parish,7,0,7,6,0,1172.743
22087,0,1,1,metro,metro,metro,2011,994,NA,NA,NA,NA,NA,45267,10798,794,15424,1432,-89.66554926474849,29.869183774780762,-89.66554926474849,29.869183774780762,175,341,4909,0.012510723477266228,0.013484123531970421,0.008689341440317199,0.012510723477266228,0.013484123531970421,0.008689341440317199,12276,27153,477688,NA,NA,NA,NA,NA,NA,NA,NA,NA,NA,NA,NA,NA,22,LA,Louisiana,087,St. Bernard Parish,10,0,10,8,0,531.22
22089,0,1,1,metro,metro,metro,2011,994,NA,NA,NA,NA,NA,58560,23350,1156,23044,1792,-90.35757335431146,29.91314982814965,-90.35757335431146,29.91314982814965,117,244,5242,0.008364312267657992,0.009648463758946577,0.009278779350202233,0.008364312267657992,0.009648463758946577,0.009278779350202233,18765,43575,1211428,NA,NA,NA,NA,NA,NA,NA,NA,NA,NA,NA,NA,NA,22,LA,Louisiana,089,St. Charles Parish,10,0,9,8,0,409.689
22095,1,1,1,metro,metro,metro,2011,994,NA,NA,NA,NA,NA,48409,14987,900,18736,2217,-90.50792113802291,30.112644133854058,-90.50792113802291,30.112644133854058,246,538,8493,0.01758650271661424,0.021274071730792043,0.015033321827788547,0.01758650271661424,0.021274071730792043,0.015033321827788547,15797,36297,763607,NA,NA,NA,NA,NA,NA,NA,NA,NA,NA,NA,NA,NA,22,LA,Louisiana,095,St. John the Baptist Parish,9,0,8,7,0,349.357
22103,0,1,1,metro,metro,metro,2011,994,NA,NA,NA,NA,NA,39545,77058,7232,101175,6788,-89.96507421897307,30.40707395540083,-89.96507421897307,30.40707395540083,2490,5175,119315,0.17800972261938805,0.20463442603503498,0.21119755020400216,0.17800972261938805,0.20463442603503498,0.21119755020400216,82297,189258,5878302,NA,NA,NA,NA,NA,NA,NA,NA,NA,NA,NA,NA,NA,22,LA,Louisiana,103,St. Tammany Parish,13,0,12,9,0,1112.279
22109,3,3,3,metro,metro,metro,2011,683,NA,NA,NA,NA,NA,45886,53571,3294,46798,3104,-90.83826892736919,29.44769871397419,-90.83826892736919,29.44769871397419,460,946,17253,0.0328853302830998,0.037407568508046975,0.0305392560337732,0.0328853302830998,0.037407568508046975,0.0305392560337732,38443,89247,2279128,NA,NA,NA,NA,NA,NA,NA,NA,NA,NA,NA,NA,NA,22,LA,Louisiana,109,Terrebonne Parish,11,0,10,8,1,1425.964
22051,0,1,1,metro,metro,metro,2012,948,NA,NA,NA,NA,NA,44835,192278,13601,197992,14237,-90.14520392992787,29.871744022448087,-90.14520392992787,29.871744022448087,3870,7403,167125,0.2722476257474499,0.2843370717468121,0.24211575487237585,0.2722476257474499,0.2843370717468121,0.24211575487237585,160360,332785,9134899,NA,NA,NA,NA,NA,NA,NA,NA,NA,NA,NA,NA,NA,22,LA,Louisiana,051,Jefferson Parish,10,0,10,7,1,497.225
22057,3,3,3,metro,metro,metro,2012,682,NA,NA,NA,NA,NA,50309,37741,2129,43021,2409,-90.43786512111947,29.57240907169766,-90.43786512111947,29.57240907169766,353,739,15068,0.02483292296869504,0.028383776309724995,0.02182917094639916,0.02483292296869504,0.028383776309724995,0.02182917094639916,32977,76571,2091251,NA,NA,NA,NA,NA,NA,NA,NA,NA,NA,NA,NA,NA,22,LA,Louisiana,057,Lafourche Parish,11,0,10,9,1,1204.53
22071,0,1,1,metro,metro,metro,2012,948,NA,NA,NA,NA,NA,49006,177032,11064,155467,13401,-89.92944735360277,30.069110849409217,-89.92944735360277,30.069110849409217,6245,9980,305462,0.4393246570524094,0.38331540943309267,0.44252602970725907,0.4393246570524094,0.38331540943309267,0.44252602970725907,121353,235601,7072175,NA,NA,NA,NA,NA,NA,NA,NA,NA,NA,NA,NA,NA,22,LA,Louisiana,071,Orleans Parish,1,0,1,1,0,349.978
22075,1,1,1,metro,metro,metro,2012,948,NA,NA,NA,NA,NA,60188,14659,834,9524,604,-89.61071603949237,29.4372379556305,-89.61071603949237,29.4372379556305,99,239,4570,0.0069644741470277875,0.009179597480411738,0.006620607328447315,0.0069644741470277875,0.009179597480411738,0.006620607328447315,7679,18023,569588,NA,NA,NA,NA,NA,NA,NA,NA,NA,NA,NA,NA,NA,22,LA,Louisiana,075,Plaquemines Parish,7,0,7,6,0,1172.743
22087,0,1,1,metro,metro,metro,2012,948,NA,NA,NA,NA,NA,44375,10894,810,16233,1412,-89.66554926474849,29.869183774780762,-89.66554926474849,29.869183774780762,104,210,3890,0.007316215265564544,0.008065755108311569,0.005635484137343557,0.007316215265564544,0.008065755108311569,0.005635484137343557,12621,27994,518230,NA,NA,NA,NA,NA,NA,NA,NA,NA,NA,NA,NA,NA,22,LA,Louisiana,087,St. Bernard Parish,10,0,10,8,0,531.22
22089,0,1,1,metro,metro,metro,2012,948,NA,NA,NA,NA,NA,62151,23845,1161,23091,1628,-90.35757335431146,29.91314982814965,-90.35757335431146,29.91314982814965,125,248,5298,0.008793527963418923,0.009525272699339376,0.007675268627158398,0.008793527963418923,0.009525272699339376,0.007675268627158398,18873,43547,1249967,NA,NA,NA,NA,NA,NA,NA,NA,NA,NA,NA,NA,NA,22,LA,Louisiana,089,St. Charles Parish,10,0,9,8,0,409.689
22095,1,1,1,metro,metro,metro,2012,948,NA,NA,NA,NA,NA,49859,14736,897,18609,1912,-90.50792113802291,30.112644133854058,-90.50792113802291,30.112644133854058,249,519,9166,0.017516707703130498,0.01993393762482716,0.013278881131848597,0.017516707703130498,0.01993393762482716,0.013278881131848597,15479,34886,777559,NA,NA,NA,NA,NA,NA,NA,NA,NA,NA,NA,NA,NA,22,LA,Louisiana,095,St. John the Baptist Parish,9,0,8,7,0,349.357
22103,0,1,1,metro,metro,metro,2012,948,NA,NA,NA,NA,NA,41301,79129,7412,102318,6452,-89.96507421897307,30.40707395540083,-89.96507421897307,30.40707395540083,2628,5511,150643,0.18487513190291946,0.21166845905669074,0.21823810717271092,0.18487513190291946,0.21166845905669074,0.21823810717271092,83684,191501,6337924,NA,NA,NA,NA,NA,NA,NA,NA,NA,NA,NA,NA,NA,22,LA,Louisiana,103,St. Tammany Parish,13,0,12,9,0,1112.279
22109,3,3,3,metro,metro,metro,2012,682,NA,NA,NA,NA,NA,47916,55264,3301,48299,2723,-90.83826892736919,29.44769871397419,-90.83826892736919,29.44769871397419,542,1187,29047,0.03812873724938445,0.04559072054078968,0.04208069607645715,0.03812873724938445,0.04559072054078968,0.04208069607645715,38556,89365,2455774,NA,NA,NA,NA,NA,NA,NA,NA,NA,NA,NA,NA,NA,22,LA,Louisiana,109,Terrebonne Parish,11,0,10,8,1,1425.964
22051,0,1,1,metro,metro,metro,2013,935,NA,NA,NA,NA,NA,44628,192784,13519,200797,13480,-90.14520392992787,29.871744022448087,-90.14520392992787,29.871744022448087,2731,5012,115014,0.27277267279264883,0.2803131991051454,0.23843769759414551,0.27277267279264883,0.2803131991051454,0.23843769759414551,162197,335413,9778914,NA,NA,NA,NA,NA,NA,NA,NA,NA,NA,NA,NA,NA,22,LA,Louisiana,051,Jefferson Parish,10,0,10,7,1,497.225
22057,3,3,3,metro,metro,metro,2013,748,NA,NA,NA,NA,NA,53127,39710,2116,44648,2315,-90.43786512111947,29.57240907169766,-90.43786512111947,29.57240907169766,307,627,13845,0.030663204155013984,0.03506711409395973,0.02870233122220725,0.030663204155013984,0.03506711409395973,0.02870233122220725,33747,77721,2478328,NA,NA,NA,NA,NA,NA,NA,NA,NA,NA,NA,NA,NA,22,LA,Louisiana,057,Lafourche Parish,11,0,10,9,1,1204.53
22071,0,1,1,metro,metro,metro,2013,935,NA,NA,NA,NA,NA,48818,180368,11145,161193,12863,-89.92944735360277,30.069110849409217,-89.92944735360277,30.069110849409217,4373,6908,217187,0.4367758689572513,0.3863534675615213,0.45025447534543345,0.4367758689572513,0.3863534675615213,0.45025447534543345,123404,239133,7568508,NA,NA,NA,NA,NA,NA,NA,NA,NA,NA,NA,NA,NA,22,LA,Louisiana,071,Orleans Parish,1,0,1,1,0,349.978
22075,1,1,1,metro,metro,metro,2013,935,NA,NA,NA,NA,NA,62094,14561,826,9512,575,-89.61071603949237,29.4372379556305,-89.61071603949237,29.4372379556305,20,38,599,0.001997602876548142,0.0021252796420581656,0.0012417982233370996,0.001997602876548142,0.0021252796420581656,0.0012417982233370996,7697,17997,572762,NA,NA,NA,NA,NA,NA,NA,NA,NA,NA,NA,NA,NA,22,LA,Louisiana,075,Plaquemines Parish,7,0,7,6,0,1172.743
22087,0,1,1,metro,metro,metro,2013,935,NA,NA,NA,NA,NA,43906,11234,824,17196,1377,-89.66554926474849,29.869183774780762,-89.66554926474849,29.869183774780762,46,91,1290,0.004594486616060727,0.005089485458612975,0.0026743233858177937,0.004594486616060727,0.005089485458612975,0.0026743233858177937,12909,28742,552899,NA,NA,NA,NA,NA,NA,NA,NA,NA,NA,NA,NA,NA,22,LA,Louisiana,087,St. Bernard Parish,10,0,10,8,0,531.22
22089,0,1,1,metro,metro,metro,2013,935,NA,NA,NA,NA,NA,62613,25265,1174,23434,1572,-90.35757335431146,29.91314982814965,-90.35757335431146,29.91314982814965,75,138,3273,0.007491010787055533,0.0077181208053691275,0.006785318171923751,0.007491010787055533,0.0077181208053691275,0.006785318171923751,18935,43424,1314289,NA,NA,NA,NA,NA,NA,NA,NA,NA,NA,NA,NA,NA,22,LA,Louisiana,089,St. Charles Parish,10,0,9,8,0,409.689
22095,1,1,1,metro,metro,metro,2013,935,NA,NA,NA,NA,NA,51253,14333,887,18413,1747,-90.50792113802291,30.112644133854058,-90.50792113802291,30.112644133854058,214,473,7349,0.021374350779065122,0.02645413870246085,0.015235350823546484,0.021374350779065122,0.02645413870246085,0.015235350823546484,15411,34579,776397,NA,NA,NA,NA,NA,NA,NA,NA,NA,NA,NA,NA,NA,22,LA,Louisiana,095,St. John the Baptist Parish,9,0,8,7,0,349.357
22103,0,1,1,metro,metro,metro,2013,935,NA,NA,NA,NA,NA,42478,80775,7480,104975,6423,-89.96507421897307,30.40707395540083,-89.96507421897307,30.40707395540083,1886,3872,109622,0.18837395125848982,0.21655480984340045,0.22725944046520788,0.18837395125848982,0.21655480984340045,0.22725944046520788,85950,195703,6822653,NA,NA,NA,NA,NA,NA,NA,NA,NA,NA,NA,NA,NA,22,LA,Louisiana,103,St. Tammany Parish,13,0,12,9,0,1112.279
22109,3,3,3,metro,metro,metro,2013,748,NA,NA,NA,NA,NA,51298,57111,3293,50504,2686,-90.83826892736919,29.44769871397419,-90.83826892736919,29.44769871397419,360,721,14186,0.03595685177786656,0.04032438478747204,0.02940926476838079,0.03595685177786656,0.04032438478747204,0.02940926476838079,38770,89646,2644308,NA,NA,NA,NA,NA,NA,NA,NA,NA,NA,NA,NA,NA,22,LA,Louisiana,109,Terrebonne Parish,11,0,10,8,1,1425.964
